Age,Monthly_Spending,Tenure,Number_of_Purchases,Customer_Support_Requests,Login_Frequency,Satisfaction_Score,Churn_Status,Gender_Male,City_Houston,City_Los Angeles,City_Miami,City_New York,Subscription_Type_Premium,Subscription_Type_Standard
56,21.18,33,5,7,14,5,1,0,0,1,0,0,0,0
69,44.93,1,3,2,4,3,1,1,0,1,0,0,0,1
46,39.98,45,13,1,21,4,0,1,0,0,1,0,0,1
32,62.4,3,2,1,20,4,1,1,1,0,0,0,1,0
60,68.85,42,14,4,2,3,0,0,0,1,0,0,1,0
25,30.24,21,14,9,12,5,0,1,0,0,0,1,0,1
38,40.95,35,8,6,1,3,0,0,0,0,0,0,0,1
56,68.33,41,4,7,24,2,1,0,0,0,0,1,1,0
36,10.93,40,12,9,20,1,1,0,0,0,0,0,0,0
40,16.75,3,13,7,5,1,1,1,0,0,0,0,0,0
28,13.07,25,6,7,6,5,1,0,0,1,0,0,0,0
28,63.5,45,11,9,30,3,0,1,0,1,0,0,1,0
41,64.74,38,13,2,24,4,0,1,0,0,0,1,1,0
53,14.54,45,5,1,11,4,0,1,0,0,0,0,0,0
57,36.9,55,9,3,8,4,0,1,0,0,0,1,0,1
41,14.19,20,14,0,7,2,0,0,1,0,0,0,0,0
20,15.54,52,4,2,4,2,1,0,0,0,0,1,0,0
39,57.39,44,6,8,6,4,1,1,0,0,1,0,1,0
19,23.28,45,10,6,16,5,1,1,0,0,0,1,0,0
41,10.15,34,5,6,20,2,1,1,0,0,1,0,0,0
61,43.24,21,9,0,15,2,1,1,0,0,1,0,0,1
47,38.58,56,1,6,14,1,1,0,0,0,1,0,0,1
55,14.97,55,12,9,23,1,1,1,1,0,0,0,0,0
19,40.85,48,12,6,12,5,0,1,0,0,0,1,0,1
38,37.62,23,12,3,29,2,0,1,0,0,0,1,0,1
50,17.49,6,2,6,12,2,1,0,1,0,0,0,0,0
29,11.65,51,1,7,16,3,0,0,0,0,0,0,0,0
39,35.84,53,11,2,15,5,1,0,0,1,0,0,0,1
61,13.62,13,2,9,29,5,1,0,0,0,0,1,0,0
42,55.24,49,0,1,13,3,0,0,0,1,0,0,1,0
66,60.4,23,7,6,11,3,1,1,1,0,0,0,1,0
44,56.35,9,5,4,30,1,0,0,0,0,0,0,1,0
59,13.85,17,12,4,17,5,0,0,0,0,0,0,0,0
45,56.39,2,1,4,21,5,0,0,0,0,0,0,1,0
33,11.51,19,7,6,15,3,0,0,1,0,0,0,0,0
32,12.99,19,5,8,14,4,0,0,0,0,1,0,0,0
64,25.0,56,6,7,10,4,1,0,0,0,1,0,0,0
68,10.03,7,10,5,12,1,0,0,0,1,0,0,0,0
61,39.58,54,0,6,16,4,1,0,0,0,1,0,0,1
69,12.12,42,6,8,15,4,0,0,0,0,1,0,0,0
20,23.81,42,2,5,10,4,0,0,0,0,0,0,0,0
54,31.4,59,10,0,4,2,1,1,0,0,0,0,0,1
68,24.33,20,11,3,27,1,0,0,0,1,0,0,0,0
24,39.16,9,7,7,23,3,1,1,0,0,0,1,0,1
38,10.02,17,5,6,29,4,1,0,0,1,0,0,0,0
26,68.41,27,3,2,9,2,0,0,0,1,0,0,1,0
56,62.83,47,10,9,21,4,1,0,1,0,0,0,1,0
35,13.94,2,7,2,20,2,1,1,1,0,0,0,0,0
21,21.51,36,8,2,9,1,1,1,0,1,0,0,0,0
42,23.9,19,9,0,21,4,0,1,0,1,0,0,0,0
31,62.26,17,1,9,25,2,1,0,0,1,0,0,1,0
67,14.73,5,14,0,24,5,0,1,0,0,1,0,0,0
26,21.83,39,5,5,20,5,0,1,1,0,0,0,0,0
43,20.23,18,4,0,11,2,1,1,0,1,0,0,0,0
19,23.33,53,4,4,11,4,0,0,0,0,0,0,0,0
37,20.39,54,9,3,7,4,0,0,0,0,0,0,0,0
45,58.65,59,10,4,21,1,0,1,0,0,1,0,1,0
64,23.97,7,2,6,10,1,0,1,0,0,1,0,0,0
24,11.57,17,11,5,4,3,1,0,0,0,0,1,0,0
61,59.02,39,7,8,5,1,0,0,0,0,0,1,1,0
25,62.8,36,13,5,5,4,0,0,0,0,0,1,1,0
64,18.49,40,7,8,11,3,1,1,0,0,1,0,0,0
52,10.23,45,11,3,9,1,1,0,0,0,1,0,0,0
31,21.71,4,4,0,28,2,0,1,0,0,1,0,0,0
34,60.42,38,7,0,16,5,0,0,0,0,0,0,1,0
53,16.1,25,9,9,9,1,1,0,0,0,1,0,0,0
67,67.14,5,14,6,22,1,1,1,0,0,0,0,1,0
57,35.69,30,7,2,30,2,0,1,0,0,0,1,0,1
21,30.71,12,2,1,4,4,0,0,0,0,0,1,0,1
19,12.65,4,1,5,2,2,1,0,0,0,0,1,0,0
23,24.34,24,8,5,14,1,1,0,0,1,0,0,0,0
59,11.06,29,1,6,3,4,0,0,0,1,0,0,0,0
21,15.32,9,8,4,18,3,0,0,1,0,0,0,0,0
46,37.55,4,3,7,21,1,1,0,1,0,0,0,0,1
35,62.4,51,11,6,6,2,0,1,1,0,0,0,1,0
43,30.06,24,12,1,11,3,0,0,0,1,0,0,0,1
61,37.52,14,1,0,21,5,0,1,0,1,0,0,0,1
51,15.76,5,9,8,18,3,0,1,1,0,0,0,0,0
27,24.58,18,0,4,12,2,1,0,1,0,0,0,0,0
53,12.39,42,3,4,5,3,1,1,0,0,1,0,0,0
31,35.31,57,8,9,9,2,1,1,1,0,0,0,0,1
48,61.29,19,11,3,20,1,0,1,0,0,1,0,1,0
65,35.86,12,8,1,28,4,0,0,0,0,0,0,0,1
32,19.99,18,3,4,26,5,0,1,0,1,0,0,0,0
25,13.23,17,8,1,18,4,0,1,1,0,0,0,0,0
31,33.32,30,14,6,19,4,0,1,0,1,0,0,0,1
40,20.94,24,11,8,3,4,0,1,0,1,0,0,0,0
57,62.5,11,5,8,9,2,1,1,0,1,0,0,1,0
38,61.23,35,0,5,4,2,1,1,0,0,0,0,1,0
33,32.54,23,9,0,17,5,0,0,0,0,0,1,0,1
62,12.81,17,12,5,17,2,1,1,1,0,0,0,0,0
35,10.16,1,13,4,23,2,1,1,0,0,0,1,0,0
64,11.37,15,5,3,23,2,1,1,0,0,0,1,0,0
41,18.35,32,8,5,2,2,1,1,0,0,0,1,0,0
43,23.38,9,12,5,9,1,1,0,0,1,0,0,0,0
42,34.31,15,1,5,9,5,0,0,0,0,1,0,0,1
62,34.92,28,5,1,5,2,1,1,0,1,0,0,0,1
58,11.73,24,1,6,15,5,0,1,0,1,0,0,0,0
46,15.83,35,3,3,15,3,0,1,0,0,0,1,0,0
32,10.56,22,14,8,3,1,1,0,0,1,0,0,0,0
62,23.76,27,7,9,19,2,1,0,0,0,0,1,0,0
18,65.1,19,12,1,28,1,0,0,0,0,1,0,1,0
42,24.86,45,6,4,3,1,1,1,1,0,0,0,0,0
24,23.24,12,10,3,6,3,0,0,0,0,0,1,0,0
26,17.09,20,11,8,4,5,1,1,0,0,1,0,0,0
41,62.8,1,12,3,24,1,1,1,1,0,0,0,1,0
18,32.86,21,8,7,13,4,0,1,0,0,0,0,0,1
61,16.93,49,6,7,27,3,0,1,0,0,0,1,0,0
25,43.55,45,0,5,13,4,1,0,0,0,0,1,0,1
41,30.76,1,1,5,27,3,1,0,0,0,0,0,0,1
28,67.95,10,5,7,11,4,0,1,0,0,0,0,1,0
68,15.11,47,6,9,5,4,1,0,0,0,0,1,0,0
34,68.49,59,2,8,1,1,1,0,0,0,0,0,1,0
25,69.11,59,8,4,9,1,1,0,0,1,0,0,1,0
52,65.06,32,12,0,17,3,0,0,1,0,0,0,1,0
52,39.97,39,14,0,22,5,0,0,1,0,0,0,0,1
50,36.79,22,6,1,1,1,0,0,1,0,0,0,0,1
22,22.53,18,13,9,3,1,1,0,0,1,0,0,0,0
59,44.42,48,5,9,15,2,1,1,0,0,0,0,0,1
56,41.63,46,12,4,26,1,1,1,0,0,1,0,0,1
58,39.33,32,5,3,21,5,0,0,0,0,0,0,0,1
45,19.1,27,0,0,26,2,0,1,0,0,0,1,0,0
24,42.74,28,12,3,23,4,0,0,1,0,0,0,0,1
26,63.12,18,4,3,30,4,0,1,0,0,0,0,1,0
25,22.06,59,9,9,10,2,1,1,0,0,1,0,0,0
29,62.63,39,2,3,8,2,1,1,0,0,0,1,1,0
51,30.94,49,6,0,12,2,1,1,0,1,0,0,0,1
50,60.76,29,9,8,25,3,1,0,0,1,0,0,1,0
65,16.67,18,2,2,22,5,0,0,0,0,1,0,0,0
40,12.12,44,4,3,15,5,0,0,0,0,0,1,0,0
41,56.54,8,6,4,27,4,0,0,1,0,0,0,1,0
54,18.03,54,13,6,9,4,0,1,0,0,0,0,0,0
52,56.28,31,2,5,24,4,1,0,0,0,0,1,1,0
61,14.54,34,12,4,25,1,1,0,0,1,0,0,0,0
57,41.17,7,12,7,10,4,0,0,0,0,1,0,0,1
39,24.47,36,9,0,20,2,1,1,0,0,1,0,0,0
44,40.77,18,1,6,9,4,0,0,0,0,0,0,0,1
52,24.89,38,5,5,15,2,0,0,0,0,1,0,0,0
18,20.48,59,7,4,23,3,0,0,0,0,1,0,0,0
52,14.41,9,3,6,21,1,1,0,0,0,0,1,0,0
54,20.08,59,8,2,21,1,1,1,1,0,0,0,0,0
64,65.53,9,11,0,1,5,0,0,0,0,0,0,1,0
31,60.58,46,11,8,2,3,1,0,0,0,0,1,1,0
20,10.27,8,14,1,26,2,0,1,1,0,0,0,0,0
18,40.55,51,7,9,19,3,1,0,0,0,0,1,0,1
22,10.33,35,6,2,30,1,1,0,0,0,0,1,0,0
43,39.47,18,13,7,14,2,1,1,0,0,1,0,0,1
31,57.45,5,6,9,8,3,0,1,1,0,0,0,1,0
56,63.48,14,2,8,6,1,0,1,0,0,0,0,1,0
44,17.56,28,13,2,12,2,1,1,0,0,0,0,0,0
26,30.2,30,5,5,26,2,0,1,1,0,0,0,0,1
32,15.44,4,12,6,27,1,1,0,0,0,1,0,0,0
32,64.02,39,12,0,29,2,1,1,0,1,0,0,1,0
43,22.73,20,4,6,15,1,1,1,0,0,0,1,0,0
59,43.33,25,0,3,14,4,0,0,0,0,1,0,0,1
30,37.26,28,10,4,21,4,0,0,1,0,0,0,0,1
68,40.93,12,2,7,29,2,1,1,0,0,0,1,0,1
49,14.75,2,12,3,1,2,0,1,0,0,0,0,0,0
56,60.13,43,11,3,28,1,0,1,0,1,0,0,1,0
66,12.92,14,0,7,11,2,0,0,0,0,0,0,0,0
69,38.43,22,3,4,28,5,0,1,1,0,0,0,0,1
49,14.72,31,9,5,25,4,0,0,0,0,0,1,0,0
21,11.27,23,2,4,3,2,1,0,1,0,0,0,0,0
47,40.28,48,10,0,19,2,0,1,0,0,0,1,0,1
54,20.62,20,3,6,18,3,1,0,0,0,1,0,0,0
40,15.4,38,8,5,20,2,1,0,0,1,0,0,0,0
56,11.15,55,2,1,28,5,0,1,0,0,1,0,0,0
62,16.39,4,11,6,2,4,0,0,0,0,1,0,0,0
32,36.64,15,5,5,29,3,0,0,1,0,0,0,0,1
60,65.03,24,5,4,25,1,1,0,0,1,0,0,1,0
46,14.73,25,6,7,28,1,1,0,0,0,0,1,0,0
53,20.24,1,8,4,26,4,0,0,0,0,0,1,0,0
30,23.07,7,11,1,7,1,1,0,0,0,0,0,0,0
49,13.56,57,6,5,8,5,0,0,0,0,0,1,0,0
24,44.68,31,13,0,19,2,0,0,1,0,0,0,0,1
68,35.8,12,0,4,22,4,1,0,0,0,1,0,0,1
39,14.01,42,14,5,15,3,1,0,0,0,1,0,0,0
45,16.32,5,7,6,10,2,1,1,0,0,1,0,0,0
19,11.42,44,4,1,22,1,1,1,0,1,0,0,0,0
59,56.89,50,8,0,29,1,1,1,0,0,0,1,1,0
62,61.22,42,9,5,1,3,0,1,1,0,0,0,1,0
23,21.44,38,12,2,6,5,0,1,0,1,0,0,0,0
45,23.5,12,14,4,13,3,0,0,0,0,0,0,0,0
45,64.97,39,11,1,14,4,0,1,1,0,0,0,1,0
61,56.58,18,4,0,3,3,0,0,1,0,0,0,1,0
61,20.08,2,4,0,11,1,0,1,1,0,0,0,0,0
37,19.53,10,14,3,3,5,1,0,0,0,1,0,0,0
47,22.09,15,11,9,19,5,0,0,1,0,0,0,0,0
28,42.38,30,11,1,10,3,0,1,0,0,0,1,0,1
45,23.02,44,13,0,27,4,0,0,1,0,0,0,0,0
42,16.21,58,1,5,15,1,1,1,0,0,1,0,0,0
56,40.47,17,11,3,11,2,1,0,1,0,0,0,0,1
50,14.02,4,10,9,15,5,0,1,0,0,0,0,0,0
18,44.99,7,2,6,26,3,1,0,0,0,0,0,0,1
44,12.63,41,9,5,27,4,0,1,0,0,1,0,0,0
69,10.15,31,8,4,24,4,0,0,0,0,0,1,0,0
30,32.23,51,6,9,13,1,1,0,0,0,0,1,0,1
58,21.64,59,0,1,5,5,0,1,0,1,0,0,0,0
20,61.7,55,2,4,4,1,1,1,0,0,1,0,1,0
56,36.71,39,11,8,13,2,1,1,1,0,0,0,0,1
23,24.33,55,1,8,9,2,1,1,0,0,1,0,0,0
25,43.79,34,0,1,25,2,0,0,0,1,0,0,0,1
44,14.67,6,8,6,17,4,1,1,0,0,1,0,0,0
26,58.14,50,7,9,2,5,0,1,0,0,1,0,1,0
54,22.73,38,14,3,24,1,1,1,0,1,0,0,0,0
50,43.59,45,4,2,5,1,1,0,0,0,0,1,0,1
68,18.12,58,10,0,16,2,1,1,1,0,0,0,0,0
59,19.44,51,11,2,7,5,0,1,0,1,0,0,0,0
61,58.85,34,1,8,1,5,0,1,0,0,0,0,1,0
41,67.01,44,0,8,28,3,0,1,0,0,0,1,1,0
32,19.48,15,6,6,26,5,0,0,0,0,0,0,0,0
49,17.55,14,12,2,12,5,0,1,0,0,0,1,0,0
49,55.9,6,10,2,21,1,1,1,1,0,0,0,1,0
41,68.74,50,10,3,11,5,0,0,1,0,0,0,1,0
58,19.23,37,14,6,12,5,0,0,0,0,1,0,0,0
69,12.89,50,1,6,19,1,0,1,0,0,0,0,0,0
66,19.1,32,0,1,26,5,0,0,0,0,0,1,0,0
66,65.16,3,1,4,12,1,1,0,1,0,0,0,1,0
69,17.89,3,6,6,12,3,1,1,0,1,0,0,0,0
29,20.77,22,6,6,14,4,1,0,1,0,0,0,0,0
56,38.72,22,9,5,2,1,1,0,0,1,0,0,0,1
19,24.22,10,5,9,2,1,1,1,0,0,0,1,0,0
20,10.81,51,4,9,25,5,0,1,1,0,0,0,0,0
66,11.59,3,2,7,29,1,1,1,1,0,0,0,0,0
54,12.61,12,13,2,4,2,1,0,0,0,0,1,0,0
66,20.35,29,11,0,20,2,0,0,1,0,0,0,0,0
34,39.68,48,2,2,23,3,0,0,0,1,0,0,0,1
66,23.38,17,10,1,26,1,0,1,1,0,0,0,0,0
19,40.99,7,12,1,16,5,0,0,0,0,0,0,0,1
19,62.63,13,11,1,10,5,0,0,0,0,1,0,1,0
45,44.88,56,8,4,13,4,0,1,0,1,0,0,0,1
40,13.99,2,3,0,2,3,0,1,0,0,0,0,0,0
54,22.5,4,8,9,3,5,0,0,0,0,0,1,0,0
49,16.4,10,3,3,19,4,1,1,0,1,0,0,0,0
50,19.73,39,1,9,6,5,0,0,0,0,1,0,0,0
18,20.91,24,14,4,19,4,0,1,0,0,1,0,0,0
36,39.51,17,3,1,27,2,0,1,0,0,0,1,0,1
19,12.11,52,5,4,21,2,0,1,0,0,0,1,0,0
61,16.64,6,5,9,20,5,0,1,0,1,0,0,0,0
43,18.42,19,4,3,19,3,0,0,1,0,0,0,0,0
49,42.74,5,14,7,8,1,1,1,0,0,0,1,0,1
23,16.65,32,14,0,14,3,0,0,1,0,0,0,0,0
49,43.78,10,0,4,10,3,0,0,0,0,0,0,0,1
21,16.61,9,2,9,3,1,1,0,0,0,1,0,0,0
28,63.23,27,4,0,6,2,0,1,1,0,0,0,1,0
34,66.94,13,5,9,29,2,1,0,0,0,1,0,1,0
55,18.75,19,13,9,15,1,1,0,1,0,0,0,0,0
41,24.4,21,0,3,23,4,0,1,0,0,0,0,0,0
22,19.91,24,13,7,23,3,0,1,0,0,0,1,0,0
69,17.84,38,13,0,18,5,0,0,0,0,0,0,0,0
51,30.35,4,8,1,14,2,1,0,0,0,0,1,0,1
23,61.21,24,13,0,19,5,1,1,0,0,0,1,1,0
39,34.49,59,2,6,28,1,1,0,0,0,1,0,0,1
28,66.22,35,9,1,26,5,0,0,0,0,0,0,1,0
65,13.12,3,12,0,10,5,0,0,1,0,0,0,0,0
33,13.08,4,2,5,15,3,1,0,0,0,0,0,0,0
50,32.84,57,10,5,4,1,1,0,0,0,1,0,0,1
26,11.88,37,1,9,23,5,1,1,0,0,0,1,0,0
23,34.67,40,7,1,2,2,1,1,0,0,1,0,0,1
33,23.29,48,14,0,3,1,0,1,0,1,0,0,0,0
46,21.62,54,12,9,7,2,1,0,0,1,0,0,0,0
20,66.03,35,2,2,23,4,0,0,1,0,0,0,1,0
37,21.96,31,5,9,16,5,0,1,0,0,1,0,0,0
53,59.04,56,1,4,10,1,1,0,1,0,0,0,1,0
36,68.31,44,6,5,19,2,1,0,1,0,0,0,1,0
43,32.06,25,12,2,28,5,0,0,0,1,0,0,0,1
20,35.05,40,3,8,17,3,0,1,1,0,0,0,0,1
36,38.8,13,8,4,28,2,1,0,0,1,0,0,0,1
37,56.54,4,13,1,19,2,1,1,0,0,0,1,1,0
49,20.95,46,9,9,5,4,0,1,0,0,1,0,0,0
24,15.81,14,8,5,23,3,1,1,1,0,0,0,0,0
69,41.77,13,6,7,20,4,0,1,0,1,0,0,0,1
58,17.39,27,14,5,13,3,1,1,0,0,0,0,0,0
50,12.71,6,11,3,13,2,0,0,1,0,0,0,0,0
57,21.02,17,7,5,11,4,0,1,0,0,0,1,0,0
56,33.78,36,2,7,11,5,1,0,0,0,0,1,0,1
35,62.36,40,10,7,16,3,1,1,0,0,0,0,1,0
57,11.13,49,4,9,15,2,0,0,0,1,0,0,0,0
18,64.27,35,1,1,17,1,0,0,1,0,0,0,1,0
28,39.99,17,9,7,22,3,1,1,0,1,0,0,0,1
45,60.68,41,6,5,18,3,0,1,0,0,0,1,1,0
42,44.32,2,12,1,28,5,1,1,0,1,0,0,0,1
67,43.11,57,7,0,19,3,0,0,0,0,0,1,0,1
40,20.62,13,8,5,4,3,0,0,0,1,0,0,0,0
48,65.7,52,10,6,22,5,0,1,0,0,0,0,1,0
47,13.79,2,10,9,22,5,0,0,0,0,1,0,0,0
59,64.85,52,6,4,23,4,0,1,0,0,0,0,1,0
52,57.97,28,9,9,5,2,1,1,0,0,0,0,1,0
24,12.16,43,14,7,7,2,0,0,0,0,1,0,0,0
33,24.99,59,9,8,2,4,1,1,0,0,1,0,0,0
43,39.34,26,12,3,1,2,1,0,1,0,0,0,0,1
65,16.46,22,7,6,12,3,1,1,1,0,0,0,0,0
69,59.32,47,11,7,10,4,0,0,0,0,0,0,1,0
66,19.06,43,8,5,8,4,1,1,0,0,0,0,0,0
19,10.74,55,5,1,1,2,1,1,0,0,0,1,0,0
18,56.42,3,11,6,12,1,1,0,0,0,0,1,1,0
65,30.49,35,11,8,2,2,1,1,1,0,0,0,0,1
29,62.49,58,9,4,27,1,1,0,1,0,0,0,1,0
22,19.01,12,1,1,28,4,0,0,0,0,0,1,0,0
54,30.94,24,1,3,10,1,1,0,0,0,0,1,0,1
49,40.82,5,3,2,22,3,0,0,0,1,0,0,0,1
26,33.46,20,14,3,17,5,0,0,0,1,0,0,0,1
58,40.28,39,8,9,26,1,1,0,0,0,0,1,0,1
52,44.73,39,6,6,3,5,1,0,0,1,0,0,0,1
36,20.37,13,1,9,7,3,0,0,0,0,1,0,0,0
65,23.25,41,7,7,12,5,0,1,1,0,0,0,0,0
33,44.22,57,10,0,8,3,0,1,1,0,0,0,0,1
20,17.3,53,6,7,20,5,1,0,0,0,0,1,0,0
37,40.53,45,8,4,12,5,0,1,0,0,0,0,0,1
41,22.78,12,7,6,3,2,1,1,0,0,0,1,0,0
50,35.35,13,2,0,17,1,1,1,0,1,0,0,0,1
41,33.92,56,0,1,28,5,0,1,0,0,0,0,0,1
69,24.2,10,1,0,9,4,0,0,0,1,0,0,0,0
28,20.89,33,14,4,10,2,1,0,0,0,1,0,0,0
66,13.3,57,13,5,22,1,1,1,0,1,0,0,0,0
25,36.74,40,12,9,6,2,1,0,0,0,1,0,0,1
53,66.95,54,1,8,25,1,1,0,0,0,1,0,1,0
55,18.21,16,3,7,1,3,0,1,0,1,0,0,0,0
57,39.75,45,5,6,22,5,0,0,0,1,0,0,0,1
37,21.31,35,3,4,12,4,0,1,0,0,1,0,0,0
52,19.33,3,8,2,5,2,0,1,0,0,0,0,0,0
65,63.1,56,3,8,13,2,0,0,0,0,1,0,1,0
42,21.24,5,5,4,27,2,1,1,1,0,0,0,0,0
52,20.91,26,5,2,15,2,0,0,0,0,1,0,0,0
42,19.45,11,9,2,22,5,0,0,0,0,0,0,0,0
46,15.4,7,10,2,30,1,1,1,1,0,0,0,0,0
35,16.09,53,9,5,11,5,0,0,0,0,0,1,0,0
63,24.56,56,0,0,8,3,0,0,0,0,0,1,0,0
35,31.69,10,7,3,5,5,0,1,0,0,0,0,0,1
19,14.03,42,11,7,2,5,1,0,0,0,1,0,0,0
52,37.39,52,2,2,12,3,0,0,0,1,0,0,0,1
33,22.55,34,14,4,28,5,0,0,0,0,0,0,0,0
58,12.46,3,12,1,2,1,1,0,1,0,0,0,0,0
53,34.15,8,5,1,26,4,0,1,1,0,0,0,0,1
50,55.99,31,2,6,16,3,0,0,0,0,0,1,1,0
21,20.59,11,14,9,21,2,1,0,1,0,0,0,0,0
50,58.57,45,10,2,3,1,1,0,0,0,0,0,1,0
31,35.83,7,1,4,10,4,0,0,1,0,0,0,0,1
38,36.66,45,14,2,19,1,1,0,0,0,0,0,0,1
65,43.37,2,4,5,8,1,1,1,0,1,0,0,0,1
37,16.17,6,13,9,7,2,0,0,0,0,0,1,0,0
25,12.18,41,0,2,1,4,0,0,1,0,0,0,0,0
24,37.86,32,8,7,12,1,1,0,0,0,0,0,0,1
20,24.44,20,10,1,29,2,1,0,0,0,1,0,0,0
34,64.12,57,6,2,28,3,0,1,0,0,0,1,1,0
50,24.75,34,2,7,5,2,1,1,0,1,0,0,0,0
65,22.62,50,3,7,16,5,1,1,0,0,0,0,0,0
29,30.54,16,12,0,25,2,1,1,0,1,0,0,0,1
68,19.88,25,5,7,4,2,1,0,0,1,0,0,0,0
39,34.3,12,2,9,17,2,1,0,1,0,0,0,0,1
39,38.39,7,11,1,24,1,0,0,1,0,0,0,0,1
63,59.19,39,6,6,21,4,0,1,0,0,0,0,1,0
47,35.23,17,12,5,2,2,1,0,0,0,1,0,0,1
55,43.85,45,5,1,12,2,0,1,0,0,0,0,0,1
55,33.1,11,8,4,1,5,0,1,0,0,1,0,0,1
62,68.11,6,11,6,30,5,0,0,0,1,0,0,1,0
68,10.46,23,14,7,12,3,0,0,0,0,0,1,0,0
25,11.36,27,4,2,12,3,0,1,0,0,0,0,0,0
44,22.82,46,3,0,12,5,0,1,0,0,0,0,0,0
44,19.46,6,2,6,19,4,1,1,0,0,1,0,0,0
51,41.21,38,9,4,25,3,0,1,0,1,0,0,0,1
38,33.14,2,0,4,17,4,0,0,0,1,0,0,0,1
47,38.06,22,2,6,20,5,1,1,0,0,1,0,0,1
50,21.06,20,2,0,24,3,0,0,0,1,0,0,0,0
45,39.41,25,6,7,24,2,1,0,1,0,0,0,0,1
64,17.08,15,6,9,26,5,0,1,0,0,0,1,0,0
50,44.4,49,12,4,28,3,0,1,0,0,0,0,0,1
22,40.14,29,14,7,11,4,0,1,0,0,0,1,0,1
65,23.62,8,11,9,13,4,0,1,0,0,0,0,0,0
36,20.95,37,0,9,27,3,1,1,1,0,0,0,0,0
21,21.03,49,2,4,8,4,0,0,0,1,0,0,0,0
52,56.2,52,12,6,10,3,0,1,0,0,1,0,1,0
66,60.39,33,7,9,8,3,1,0,1,0,0,0,1,0
34,42.88,22,8,2,20,4,0,1,0,0,0,1,0,1
61,13.49,50,6,1,8,1,1,0,0,0,1,0,0,0
45,11.73,47,6,5,9,2,1,0,0,1,0,0,0,0
47,34.89,5,11,4,7,5,0,0,1,0,0,0,0,1
46,33.31,39,14,8,14,2,1,0,0,0,1,0,0,1
63,23.88,18,10,9,28,5,1,0,1,0,0,0,0,0
23,23.02,38,7,3,2,5,1,0,1,0,0,0,0,0
52,37.5,54,5,2,25,2,1,0,0,1,0,0,0,1
58,10.92,53,10,8,11,3,0,0,0,0,0,0,0,0
54,20.72,37,2,7,8,4,1,1,0,0,1,0,0,0
41,19.35,30,14,5,13,1,1,1,0,1,0,0,0,0
46,44.56,51,0,0,21,1,0,0,1,0,0,0,0,1
66,63.38,31,6,9,15,1,1,0,0,1,0,0,1,0
63,60.05,10,0,0,28,2,1,0,0,0,0,0,1,0
48,37.79,15,0,5,3,2,1,0,0,0,1,0,0,1
52,44.69,42,8,2,23,3,0,0,0,0,0,0,0,1
50,20.45,59,12,2,14,1,1,1,0,0,0,1,0,0
69,40.08,48,9,5,30,3,1,1,0,0,1,0,0,1
38,13.61,44,6,2,15,1,0,1,0,0,0,0,0,0
49,41.15,18,12,9,2,2,1,1,1,0,0,0,0,1
40,21.25,23,10,5,29,4,0,0,0,0,1,0,0,0
50,14.76,33,12,4,19,4,0,1,0,0,1,0,0,0
20,17.26,16,3,3,12,4,0,0,0,1,0,0,0,0
35,14.42,54,5,7,25,4,0,1,1,0,0,0,0,0
42,13.88,38,0,1,20,5,0,0,0,0,0,1,0,0
59,10.39,35,6,6,4,1,1,0,0,0,0,0,0,0
48,59.28,34,11,3,3,4,1,1,0,1,0,0,1,0
20,18.31,28,14,1,5,5,0,0,0,0,0,0,0,0
57,30.02,2,5,6,3,5,0,1,0,0,0,1,0,1
63,59.25,30,3,0,25,5,0,1,0,0,0,1,1,0
41,68.22,13,6,3,15,3,0,1,0,0,1,0,1,0
67,38.9,41,2,8,19,3,1,1,0,0,0,1,0,1
49,64.12,16,0,3,2,5,1,1,0,0,0,0,1,0
64,16.05,59,3,2,12,4,0,0,1,0,0,0,0,0
39,20.15,5,2,9,5,1,1,0,1,0,0,0,0,0
40,12.85,55,0,9,22,2,0,0,0,0,1,0,0,0
19,42.28,28,1,1,17,3,0,1,0,0,0,0,0,1
44,31.75,53,10,2,14,4,0,0,0,0,0,0,0,1
59,19.84,39,4,0,28,4,0,1,0,0,0,1,0,0
19,15.12,45,14,9,27,2,1,1,0,0,0,0,0,0
43,41.21,20,7,7,22,2,1,0,0,1,0,0,0,1
34,18.25,24,0,0,10,4,0,1,0,0,0,1,0,0
57,36.79,27,3,2,3,2,0,0,0,1,0,0,0,1
50,32.54,30,13,2,4,4,0,0,0,0,1,0,0,1
26,39.55,58,3,1,6,2,0,1,1,0,0,0,0,1
60,44.62,45,4,4,24,2,0,1,0,0,1,0,0,1
65,67.38,27,6,9,25,4,1,1,1,0,0,0,1,0
56,10.9,26,12,2,22,5,0,0,0,0,1,0,0,0
46,35.64,7,11,2,16,4,0,1,0,0,0,0,0,1
59,43.88,42,7,7,7,1,1,1,0,1,0,0,0,1
43,17.55,47,14,3,15,2,0,1,1,0,0,0,0,0
52,19.93,53,5,3,30,3,0,0,0,0,0,1,0,0
67,23.69,59,0,2,21,2,1,1,0,1,0,0,0,0
42,23.11,38,6,0,30,1,1,1,0,0,0,1,0,0
41,37.53,5,2,7,28,3,1,0,0,1,0,0,0,1
30,61.56,23,14,0,25,3,0,0,0,1,0,0,1,0
24,15.1,28,12,6,20,4,1,1,0,0,1,0,0,0
53,20.79,34,12,4,26,5,0,1,1,0,0,0,0,0
62,59.3,53,12,3,11,4,0,1,1,0,0,0,1,0
37,13.75,15,5,3,22,3,0,0,0,1,0,0,0,0
18,15.34,32,14,7,21,3,1,1,0,0,0,0,0,0
25,32.66,26,7,5,1,5,0,0,0,0,0,0,0,1
63,40.43,48,6,0,5,2,0,0,0,0,0,1,0,1
33,19.24,31,9,9,13,5,0,0,0,0,0,1,0,0
31,17.24,19,5,7,21,4,0,1,0,0,1,0,0,0
29,15.85,9,8,1,14,2,0,0,0,1,0,0,0,0
68,43.64,29,8,5,9,4,0,0,0,0,0,1,0,1
40,30.44,54,0,8,17,5,1,0,0,0,0,1,0,1
32,21.54,58,0,0,15,2,0,1,0,1,0,0,0,0
45,43.53,51,0,5,21,5,1,0,0,0,1,0,0,1
51,61.7,39,7,7,7,1,0,1,0,0,0,1,1,0
19,18.26,4,11,9,27,3,0,1,0,0,1,0,0,0
49,24.17,3,12,1,22,2,1,1,1,0,0,0,0,0
40,33.18,56,13,4,22,3,0,0,0,0,1,0,0,1
39,17.8,29,11,5,12,1,1,1,0,0,0,0,0,0
68,17.12,52,13,4,23,2,1,1,0,0,0,0,0,0
42,33.88,11,9,2,6,3,0,1,0,0,1,0,0,1
39,67.28,33,6,3,21,3,0,1,0,0,0,0,1,0
39,68.49,38,2,6,16,2,0,0,1,0,0,0,1,0
66,41.73,58,12,3,26,3,0,0,0,1,0,0,0,1
69,32.93,11,1,8,5,3,0,1,0,0,0,0,0,1
59,11.3,27,3,9,9,2,1,1,0,0,0,0,0,0
23,39.08,33,2,1,14,3,0,0,0,0,1,0,0,1
32,10.86,21,6,4,8,3,0,1,1,0,0,0,0,0
60,20.09,39,9,7,14,4,0,1,0,1,0,0,0,0
54,37.96,31,14,4,12,4,0,0,0,0,1,0,0,1
50,39.94,38,14,9,10,1,0,0,0,0,1,0,0,1
25,18.85,46,7,7,30,4,0,1,1,0,0,0,0,0
61,61.34,2,5,7,20,4,1,0,0,1,0,0,1,0
61,13.01,27,2,8,20,1,1,1,1,0,0,0,0,0
22,14.59,36,5,9,26,3,1,0,0,1,0,0,0,0
56,17.87,11,14,5,21,3,0,1,1,0,0,0,0,0
21,39.78,47,1,3,13,4,0,1,0,0,1,0,0,1
23,41.69,18,14,2,29,1,1,1,0,0,1,0,0,1
62,21.51,59,11,4,19,3,0,0,0,0,0,1,0,0
49,44.59,1,6,5,15,5,0,0,0,0,0,0,0,1
69,14.29,35,13,2,8,2,1,1,1,0,0,0,0,0
47,31.07,35,10,1,23,2,0,1,0,0,0,1,0,1
64,15.18,31,9,6,21,2,1,0,0,0,0,0,0,0
52,21.15,28,13,4,10,4,0,1,1,0,0,0,0,0
57,61.57,39,6,8,3,2,1,1,0,1,0,0,1,0
69,22.27,1,3,2,21,2,1,0,0,0,0,0,0,0
33,18.24,25,12,7,3,5,0,1,0,0,1,0,0,0
30,43.95,43,7,5,26,3,0,0,0,0,0,1,0,1
67,69.22,38,3,3,5,5,0,0,0,0,0,0,1,0
59,11.04,20,6,8,16,4,0,1,0,0,0,0,0,0
47,16.85,3,3,4,17,2,1,1,0,0,1,0,0,0
36,19.15,51,12,9,6,3,1,1,1,0,0,0,0,0
34,33.84,2,11,5,26,2,1,0,0,1,0,0,0,1
36,16.11,18,4,8,20,2,1,0,0,0,1,0,0,0
45,40.17,44,6,6,20,4,0,0,0,1,0,0,0,1
43,58.4,10,12,4,16,2,1,1,1,0,0,0,1,0
54,19.03,5,13,1,24,1,1,0,0,0,0,0,0,0
43,20.46,9,13,3,2,3,0,0,0,1,0,0,0,0
40,11.36,2,12,1,20,3,0,0,0,0,0,1,0,0
26,17.46,34,9,2,15,1,1,0,0,0,0,1,0,0
29,58.95,38,2,9,18,4,0,0,0,0,1,0,1,0
18,20.87,31,9,2,1,2,1,0,1,0,0,0,0,0
18,12.84,10,4,3,26,2,0,0,0,0,1,0,0,0
64,43.38,50,10,5,29,3,1,1,0,0,1,0,0,1
51,16.46,12,13,2,29,4,0,1,0,0,1,0,0,0
49,32.97,36,2,9,19,4,0,0,0,0,0,1,0,1
65,16.57,54,4,0,12,4,0,1,0,0,0,1,0,0
42,61.13,21,13,0,8,2,1,0,0,0,1,0,1,0
57,61.43,49,2,8,6,4,0,0,0,0,0,1,1,0
62,38.78,47,10,8,12,1,1,0,1,0,0,0,0,1
18,62.82,6,9,4,7,5,0,1,0,0,1,0,1,0
33,12.25,48,10,8,18,4,1,1,0,0,0,1,0,0
56,10.98,49,6,6,22,5,1,1,0,1,0,0,0,0
22,40.94,3,12,8,14,2,1,0,0,0,1,0,0,1
39,38.4,10,0,6,8,4,1,0,0,0,1,0,0,1
46,15.39,5,8,8,24,3,0,0,1,0,0,0,0,0
20,22.13,46,8,1,20,2,1,1,0,0,0,0,0,0
29,15.82,26,4,7,22,1,1,0,0,0,0,0,0,0
43,21.94,21,8,6,14,1,1,0,1,0,0,0,0,0
33,14.59,45,9,5,5,5,1,1,1,0,0,0,0,0
68,31.09,26,12,4,9,5,1,0,1,0,0,0,0,1
54,23.99,38,14,3,8,3,0,1,0,0,0,0,0,0
39,15.92,44,5,6,2,3,0,1,1,0,0,0,0,0
46,41.89,26,14,2,28,1,0,0,0,0,0,1,0,1
31,34.19,8,4,7,16,4,0,1,0,0,1,0,0,1
45,64.7,5,12,1,13,1,0,0,0,0,1,0,1,0
22,43.1,15,2,0,7,1,0,0,0,1,0,0,0,1
64,10.62,59,10,1,16,3,1,0,0,1,0,0,0,0
66,67.46,16,10,8,7,5,1,1,0,0,1,0,1,0
47,38.57,1,7,4,27,3,0,0,0,0,0,1,0,1
63,19.11,16,3,7,14,3,0,0,0,0,0,0,0,0
69,37.85,37,9,2,14,3,1,0,0,0,0,0,0,1
22,68.12,3,12,6,12,1,1,1,0,0,0,1,1,0
29,10.65,52,14,1,1,4,0,1,0,0,0,0,0,0
33,13.92,47,12,7,1,1,1,0,1,0,0,0,0,0
43,23.14,31,2,6,12,2,1,1,0,0,1,0,0,0
43,21.29,13,12,4,20,3,0,0,0,0,1,0,0,0
65,10.26,56,5,3,21,3,1,0,0,0,0,1,0,0
38,37.76,16,7,0,15,2,1,0,0,0,0,0,0,1
56,17.94,55,12,4,4,3,0,0,0,1,0,0,0,0
53,61.01,43,14,8,7,3,1,0,0,1,0,0,1,0
50,34.46,21,8,9,16,3,1,0,0,0,0,0,0,1
47,40.23,2,13,3,3,2,1,0,0,1,0,0,0,1
54,58.12,54,5,8,7,1,1,0,0,0,0,1,1,0
40,21.98,27,4,1,29,3,1,1,0,0,0,1,0,0
27,22.05,38,11,3,24,4,0,1,0,0,0,0,0,0
22,36.23,26,10,8,22,2,1,0,0,1,0,0,0,1
53,59.25,58,1,3,6,5,0,1,0,0,0,1,1,0
51,34.26,59,1,4,16,2,0,1,0,0,0,1,0,1
69,17.23,38,8,7,24,1,1,1,1,0,0,0,0,0
48,65.79,46,1,0,8,2,1,0,1,0,0,0,1,0
27,15.38,25,1,0,23,5,0,0,0,0,0,1,0,0
36,64.15,11,2,8,22,4,1,0,0,0,0,0,1,0
49,60.74,8,2,8,6,5,0,0,0,0,1,0,1,0
18,14.57,8,3,3,10,2,0,0,0,0,1,0,0,0
22,30.37,33,6,1,16,5,0,1,0,0,0,1,0,1
62,10.06,53,8,8,11,2,1,0,0,0,0,1,0,0
21,13.41,7,1,3,13,4,1,1,0,0,0,1,0,0
33,36.1,38,3,5,29,4,0,0,0,0,0,0,0,1
41,42.77,21,8,0,6,1,0,0,1,0,0,0,0,1
33,66.98,8,13,8,24,4,0,1,0,0,0,1,1,0
19,34.01,51,1,4,1,3,1,1,0,0,0,1,0,1
66,13.67,54,9,2,21,5,0,1,0,1,0,0,0,0
45,58.41,21,10,3,19,5,0,1,0,0,0,0,1,0
49,60.09,56,12,0,12,2,1,1,0,0,0,1,1,0
44,17.47,20,0,8,24,4,0,0,0,1,0,0,0,0
37,61.58,8,9,7,27,1,0,0,0,0,1,0,1,0
41,13.27,58,7,3,6,1,1,0,0,0,0,1,0,0
29,56.96,46,8,1,30,1,0,0,0,0,0,1,1,0
67,10.19,31,6,8,18,3,0,0,0,1,0,0,0,0
52,12.31,50,7,3,13,4,0,0,0,0,0,0,0,0
50,20.58,57,3,8,7,1,1,1,0,0,0,1,0,0
50,33.65,29,3,9,23,3,0,0,0,0,1,0,0,1
68,17.03,48,12,2,13,5,0,1,0,0,0,1,0,0
60,18.87,9,1,6,21,2,0,0,0,0,1,0,0,0
54,43.3,15,7,6,8,4,0,0,1,0,0,0,0,1
29,68.33,30,14,9,30,4,0,0,1,0,0,0,1,0
20,21.19,26,10,3,21,5,0,1,0,0,1,0,0,0
18,10.53,10,1,1,17,4,0,0,0,0,0,0,0,0
50,18.63,29,8,8,9,4,1,0,0,0,0,1,0,0
57,21.8,54,13,3,20,4,0,1,0,0,0,1,0,0
27,55.26,16,3,7,13,4,0,1,1,0,0,0,1,0
60,63.25,36,0,1,2,3,0,0,0,0,1,0,1,0
61,42.87,20,12,7,4,3,0,1,0,0,0,1,0,1
46,17.11,45,3,9,30,2,1,0,0,0,0,1,0,0
30,30.06,54,2,4,29,4,0,1,0,0,0,0,0,1
29,30.17,37,11,6,25,5,1,1,0,1,0,0,0,1
48,61.25,22,5,6,2,1,1,0,1,0,0,0,1,0
63,32.33,7,6,8,4,2,1,1,1,0,0,0,0,1
19,39.97,23,7,2,18,1,1,0,0,1,0,0,0,1
68,40.63,41,1,9,5,1,1,1,0,0,0,1,0,1
67,12.67,40,5,3,19,4,0,1,0,0,0,0,0,0
52,68.33,29,14,9,10,5,1,0,0,0,0,0,1,0
40,36.63,16,5,3,18,1,0,0,1,0,0,0,0,1
34,32.14,38,9,9,30,1,0,0,0,0,0,0,0,1
43,21.46,28,11,4,25,2,0,0,0,1,0,0,0,0
25,41.85,48,4,5,21,5,1,0,0,0,0,1,0,1
46,39.59,38,9,2,10,5,0,1,0,1,0,0,0,1
43,22.8,31,9,3,5,1,0,1,0,0,1,0,0,0
27,21.06,14,6,2,17,5,0,0,1,0,0,0,0,0
43,43.23,53,2,1,22,2,0,0,0,0,0,0,0,1
51,36.51,33,3,9,13,2,1,0,0,0,1,0,0,1
68,41.21,57,9,8,23,2,1,1,0,0,0,0,0,1
58,25.0,9,12,0,17,4,0,1,0,0,0,1,0,0
24,40.87,57,8,1,9,1,1,0,0,0,0,1,0,1
21,11.71,27,3,7,24,5,1,0,0,0,0,1,0,0
67,17.77,24,2,6,12,2,0,0,0,0,0,0,0,0
62,18.81,13,13,0,14,1,1,0,0,0,1,0,0,0
28,12.61,26,1,4,14,1,1,0,0,0,0,1,0,0
46,24.44,29,4,9,8,4,0,1,0,0,1,0,0,0
53,12.63,51,3,5,23,5,0,1,0,0,0,0,0,0
42,12.66,49,12,4,5,5,0,1,0,0,1,0,0,0
38,23.73,43,12,3,19,2,0,1,0,0,0,0,0,0
53,36.98,28,7,0,28,2,1,0,0,0,0,0,0,1
27,10.95,28,6,6,14,1,1,1,1,0,0,0,0,0
54,18.97,8,5,8,9,5,1,0,0,0,0,0,0,0
26,64.03,23,10,5,30,5,1,1,0,0,0,0,1,0
41,10.97,29,11,2,7,2,1,1,0,1,0,0,0,0
52,44.59,5,1,9,27,3,1,1,0,0,0,1,0,1
66,18.16,42,2,3,26,1,0,1,1,0,0,0,0,0
52,18.4,7,9,9,26,5,0,0,1,0,0,0,0,0
65,37.8,42,8,4,8,4,0,1,1,0,0,0,0,1
53,39.16,36,12,0,14,4,0,0,0,1,0,0,0,1
35,58.96,41,8,4,22,3,0,1,0,0,0,0,1,0
66,34.31,27,14,0,28,2,0,1,0,0,0,1,0,1
56,62.67,58,4,8,14,2,0,1,0,0,1,0,1,0
49,22.1,46,13,6,11,2,1,0,0,0,0,0,0,0
41,10.75,2,2,2,14,4,1,0,0,1,0,0,0,0
40,19.05,25,1,8,21,2,1,1,0,0,0,0,0,0
49,22.1,9,7,1,8,4,0,1,0,0,0,0,0,0
54,32.35,53,14,6,3,3,0,0,0,1,0,0,0,1
29,30.23,27,5,8,28,1,1,1,1,0,0,0,0,1
66,14.69,1,9,5,29,5,1,1,1,0,0,0,0,0
30,63.82,23,10,9,29,3,0,0,0,0,0,1,1,0
40,57.07,10,11,4,23,4,0,0,0,0,0,1,1,0
42,16.39,42,6,6,18,3,1,1,1,0,0,0,0,0
52,18.28,52,0,5,3,5,1,0,0,0,1,0,0,0
58,18.98,25,0,4,13,1,0,0,0,0,0,0,0,0
47,14.12,54,9,1,12,5,0,1,0,0,1,0,0,0
34,16.0,3,1,7,15,4,1,0,0,0,0,0,0,0
66,41.68,6,9,6,18,5,0,0,1,0,0,0,0,1
37,24.12,58,14,5,5,3,0,1,0,0,0,1,0,0
65,22.93,6,2,4,7,2,0,1,0,0,0,1,0,0
42,63.46,53,11,4,11,3,0,1,0,0,1,0,1,0
39,36.15,2,0,8,26,4,1,0,0,0,0,1,0,1
30,59.99,58,13,0,27,1,0,1,1,0,0,0,1,0
36,11.87,58,4,8,11,5,1,0,0,0,1,0,0,0
66,11.6,18,14,5,27,1,1,0,0,0,0,0,0,0
53,40.33,23,14,3,15,4,0,1,0,0,0,1,0,1
29,13.9,2,2,9,10,5,1,0,0,1,0,0,0,0
58,13.82,12,0,6,15,3,0,1,0,0,0,1,0,0
36,44.97,22,7,8,13,3,0,0,0,0,0,0,0,1
29,32.82,37,11,4,14,4,0,0,0,0,1,0,0,1
26,12.22,20,10,4,17,5,1,1,0,0,0,0,0,0
24,11.48,39,5,7,13,3,0,1,0,1,0,0,0,0
45,18.7,24,8,6,10,4,0,1,1,0,0,0,0,0
31,19.42,48,2,7,25,4,0,1,0,0,0,1,0,0
48,15.48,20,8,9,1,1,1,1,0,0,1,0,0,0
69,18.03,1,8,1,1,3,1,1,1,0,0,0,0,0
36,21.83,1,14,8,30,5,0,0,0,0,0,0,0,0
64,67.27,17,11,2,15,3,0,1,0,0,1,0,1,0
33,44.37,59,14,5,16,3,1,1,1,0,0,0,0,1
22,42.36,1,12,5,12,3,1,0,0,0,1,0,0,1
52,18.47,53,11,1,26,4,0,1,0,1,0,0,0,0
29,12.69,52,0,6,24,2,1,0,0,1,0,0,0,0
42,11.5,45,2,8,6,2,1,0,0,0,0,1,0,0
69,10.82,30,5,9,6,1,0,0,0,0,0,1,0,0
38,20.0,41,7,0,12,3,0,1,0,1,0,0,0,0
53,42.11,47,3,7,25,2,0,1,0,0,1,0,0,1
40,37.63,3,4,1,15,1,1,1,0,1,0,0,0,1
33,30.82,46,8,0,4,4,1,0,0,0,0,1,0,1
56,18.03,55,5,7,24,3,1,1,0,1,0,0,0,0
62,69.04,11,11,1,4,5,0,1,0,1,0,0,1,0
59,18.96,24,6,5,30,4,0,0,0,0,1,0,0,0
56,22.14,22,6,5,2,1,1,1,1,0,0,0,0,0
31,22.0,44,3,4,27,4,1,1,0,0,0,1,0,0
48,43.98,45,3,7,24,5,0,1,0,0,1,0,0,1
22,66.55,26,3,2,12,4,0,0,0,1,0,0,1,0
52,21.22,13,13,9,7,1,1,1,0,1,0,0,0,0
40,58.51,1,14,3,20,5,0,0,1,0,0,0,1,0
46,55.9,24,10,6,9,5,1,0,0,0,0,1,1,0
60,17.76,10,4,6,9,4,0,1,0,0,0,1,0,0
28,11.87,35,4,7,8,5,0,0,0,0,0,0,0,0
35,24.43,24,7,1,14,4,0,1,0,0,0,1,0,0
64,59.35,28,8,1,1,3,1,1,1,0,0,0,1,0
29,22.79,36,1,3,23,5,0,0,0,0,0,0,0,0
26,35.81,16,10,9,21,4,0,0,0,0,0,0,0,1
27,14.85,40,6,8,23,3,1,0,0,1,0,0,0,0
61,44.03,16,0,9,12,5,0,0,0,1,0,0,0,1
34,15.45,59,0,8,25,3,0,1,0,0,0,1,0,0
55,35.85,17,3,3,2,5,0,1,0,0,0,0,0,1
24,56.59,51,9,8,13,1,1,1,0,1,0,0,1,0
63,65.06,54,6,2,30,1,0,1,1,0,0,0,1,0
30,59.33,15,1,4,27,4,0,1,0,1,0,0,1,0
57,18.78,16,10,9,4,2,1,1,0,1,0,0,0,0
59,38.87,15,1,8,20,1,1,1,0,0,0,0,0,1
26,20.79,57,0,5,18,2,1,1,0,0,0,0,0,0
67,21.18,34,9,2,19,3,0,0,0,0,1,0,0,0
44,37.72,11,1,9,16,3,0,0,1,0,0,0,0,1
19,14.96,1,12,8,27,2,1,1,0,0,0,0,0,0
22,42.56,15,14,5,14,4,0,0,0,0,0,1,0,1
46,59.65,26,6,3,30,5,0,0,1,0,0,0,1,0
54,17.61,51,8,3,29,2,0,1,1,0,0,0,0,0
55,36.02,4,5,7,8,2,1,0,0,0,0,0,0,1
36,22.83,43,9,6,12,2,1,0,1,0,0,0,0,0
25,16.48,5,1,0,9,2,0,0,0,0,0,0,0,0
65,15.79,35,11,5,6,2,1,1,0,1,0,0,0,0
62,65.35,13,14,7,26,4,0,0,0,0,1,0,1,0
18,64.04,10,9,2,18,1,1,1,0,1,0,0,1,0
39,56.61,11,14,8,2,5,0,0,0,0,0,0,1,0
69,62.62,18,9,9,23,1,0,0,0,0,0,0,1,0
34,21.03,34,12,1,8,2,0,0,0,1,0,0,0,0
24,24.88,39,8,5,24,1,1,0,0,0,0,1,0,0
42,39.44,41,6,0,14,4,0,0,0,0,0,1,0,1
62,15.55,42,10,1,6,3,0,1,0,0,0,1,0,0
21,13.39,50,0,4,10,1,1,1,0,0,0,0,0,0
53,23.09,23,11,0,8,5,0,0,1,0,0,0,0,0
23,42.22,7,8,7,30,4,1,1,0,0,0,0,0,1
48,33.51,59,1,0,17,3,0,1,1,0,0,0,0,1
36,13.01,39,3,8,25,4,0,1,0,1,0,0,0,0
61,20.73,3,8,9,29,2,1,1,0,0,1,0,0,0
56,34.72,12,3,2,12,3,0,0,1,0,0,0,0,1
44,34.6,7,2,1,17,5,0,0,0,0,0,1,0,1
27,12.28,49,0,0,13,3,0,0,0,0,0,0,0,0
43,33.96,26,6,8,19,5,0,0,0,1,0,0,0,1
36,16.41,33,14,3,12,2,0,1,0,0,0,1,0,0
56,20.99,37,5,0,16,5,0,1,0,1,0,0,0,0
20,35.04,48,9,0,25,4,0,0,0,0,1,0,0,1
62,34.93,15,3,6,27,1,0,1,0,0,0,0,0,1
30,14.27,2,5,1,5,4,1,0,0,0,0,0,0,0
67,37.17,41,5,6,25,4,0,0,0,0,1,0,0,1
45,32.71,7,12,6,16,3,0,1,0,0,0,0,0,1
37,37.28,32,3,9,25,2,1,0,1,0,0,0,0,1
45,40.56,4,13,8,6,1,1,0,0,1,0,0,0,1
25,30.45,20,12,6,11,5,1,0,0,0,0,1,0,1
58,10.15,50,5,0,17,3,0,1,0,0,1,0,0,0
56,11.13,53,9,7,26,2,0,1,1,0,0,0,0,0
18,18.03,36,10,7,23,1,1,0,0,0,0,1,0,0
20,22.82,32,7,3,14,4,0,1,0,0,0,1,0,0
30,30.07,28,12,7,6,2,1,1,0,0,1,0,0,1
45,44.05,13,2,3,25,2,1,0,1,0,0,0,0,1
66,11.59,1,3,7,23,2,1,1,0,0,0,1,0,0
42,22.63,56,9,4,30,4,0,0,0,0,0,1,0,0
50,17.24,35,12,3,28,5,0,0,1,0,0,0,0,0
55,19.89,48,11,5,11,3,1,0,0,0,0,0,0,0
23,37.66,30,13,1,12,5,0,1,0,0,0,1,0,1
61,17.16,54,14,1,13,1,0,0,0,1,0,0,0,0
62,42.52,36,0,1,4,3,0,1,1,0,0,0,0,1
49,66.34,57,3,8,7,1,0,1,0,0,0,1,1,0
62,17.25,55,10,9,2,4,0,0,0,0,1,0,0,0
64,11.67,25,9,2,6,5,0,1,0,1,0,0,0,0
38,11.73,16,9,9,6,2,1,1,0,0,0,1,0,0
33,42.02,58,11,3,18,3,0,0,0,1,0,0,0,1
38,37.94,19,13,9,30,2,1,1,0,1,0,0,0,1
28,17.22,1,8,7,20,1,1,1,0,0,0,0,0,0
54,40.21,5,7,3,8,2,0,1,0,1,0,0,0,1
53,67.88,51,10,9,8,2,1,0,0,0,0,0,1,0
52,19.43,22,3,9,29,4,0,0,1,0,0,0,0,0
36,21.44,24,11,6,8,4,1,1,0,0,0,0,0,0
37,66.48,43,6,4,8,5,0,1,0,0,1,0,1,0
35,35.34,45,9,8,1,1,1,1,0,0,0,1,0,1
64,59.11,52,2,3,2,4,0,1,1,0,0,0,1,0
58,42.02,37,8,2,12,4,0,0,1,0,0,0,0,1
66,60.66,53,9,1,15,5,1,1,0,0,1,0,1,0
31,23.55,36,3,0,4,3,0,1,0,0,0,0,0,0
32,31.05,36,1,5,28,5,0,0,0,0,0,1,0,1
48,55.87,4,9,9,25,2,1,0,0,0,0,0,1,0
18,43.91,36,4,1,3,2,1,0,0,1,0,0,0,1
20,19.73,52,1,7,14,4,1,1,0,0,0,0,0,0
33,15.69,53,13,5,22,4,0,1,1,0,0,0,0,0
40,21.33,18,9,4,23,5,0,1,0,0,0,1,0,0
28,20.08,50,5,1,8,5,0,1,0,0,0,0,0,0
29,17.97,16,10,6,13,1,1,0,0,0,0,1,0,0
27,31.48,41,9,1,23,2,0,0,0,0,0,1,0,1
49,42.18,18,0,4,19,5,0,0,0,1,0,0,0,1
33,22.99,22,13,1,22,3,0,0,0,1,0,0,0,0
25,32.58,2,5,9,5,1,1,1,1,0,0,0,0,1
55,22.76,21,3,1,13,5,1,0,0,0,1,0,0,0
29,23.17,36,2,6,28,4,0,1,0,0,0,1,0,0
41,18.24,44,1,8,26,5,0,0,0,0,1,0,0,0
45,39.84,39,6,4,20,4,0,1,1,0,0,0,0,1
25,15.73,47,8,6,1,4,0,1,0,0,0,1,0,0
45,14.23,39,11,3,16,2,1,1,0,0,0,1,0,0
53,20.83,29,2,1,30,2,0,0,0,0,1,0,0,0
43,67.93,54,5,2,29,5,0,1,0,0,0,0,1,0
25,19.81,26,8,1,23,5,0,1,0,1,0,0,0,0
67,37.67,21,1,4,24,3,0,1,0,0,0,0,0,1
45,32.38,17,6,5,2,1,1,0,0,0,1,0,0,1
45,30.8,16,4,6,7,1,0,0,0,1,0,0,0,1
54,61.69,31,4,2,6,5,0,0,0,0,0,0,1,0
58,10.74,51,10,3,5,2,1,1,0,1,0,0,0,0
53,18.54,9,6,7,29,3,1,0,0,0,0,1,0,0
44,60.74,31,8,3,4,1,1,1,0,0,0,0,1,0
34,21.36,14,3,6,2,5,1,0,0,1,0,0,0,0
26,34.58,49,8,5,10,2,0,0,0,1,0,0,0,1
50,38.89,37,14,6,22,2,0,1,0,1,0,0,0,1
37,38.07,2,13,0,5,2,1,1,0,0,0,0,0,1
30,55.07,52,12,2,18,4,0,1,1,0,0,0,1,0
45,56.09,48,10,5,10,2,0,1,0,0,0,0,1,0
65,34.36,46,9,2,23,5,0,1,0,0,1,0,0,1
46,23.23,14,8,6,22,3,1,0,0,0,0,0,0,0
30,57.21,59,12,8,28,5,0,0,0,1,0,0,1,0
63,20.66,33,3,2,15,2,1,1,0,0,0,1,0,0
52,24.6,35,2,0,27,3,0,1,0,0,0,0,0,0
23,66.86,58,1,9,9,1,1,1,0,0,0,0,1,0
35,13.64,39,8,5,11,1,1,0,0,1,0,0,0,0
68,23.63,58,11,0,26,5,1,1,0,0,0,1,0,0
22,11.4,47,1,0,21,3,0,0,0,0,0,1,0,0
64,62.02,51,5,7,25,5,0,0,0,0,1,0,1,0
42,43.31,20,4,8,25,3,1,0,0,0,0,0,0,1
19,39.62,2,13,1,29,3,1,0,0,0,0,1,0,1
27,16.2,51,4,8,17,5,1,1,0,0,0,1,0,0
47,34.39,41,3,4,21,3,0,0,1,0,0,0,0,1
67,35.63,19,5,7,9,2,1,1,1,0,0,0,0,1
62,17.63,59,4,6,23,3,0,1,0,0,0,1,0,0
22,14.79,37,10,6,16,3,1,0,0,0,1,0,0,0
50,24.53,18,3,3,6,5,0,0,0,0,0,1,0,0
18,69.0,16,12,1,22,1,0,0,0,1,0,0,1,0
35,43.06,4,8,4,11,4,0,1,0,0,0,0,0,1
49,61.33,12,12,2,23,3,0,1,0,0,1,0,1,0
64,20.37,29,5,8,17,4,0,0,0,1,0,0,0,0
66,43.54,7,10,5,4,3,0,1,0,0,1,0,0,1
28,42.76,14,9,0,29,5,0,0,0,1,0,0,0,1
38,36.21,55,9,2,15,5,0,0,0,0,0,0,0,1
43,56.69,12,12,3,1,3,0,0,0,0,0,0,1,0
42,11.13,35,9,8,22,5,1,1,1,0,0,0,0,0
39,18.66,5,12,5,30,5,1,1,0,1,0,0,0,0
44,39.64,17,2,3,29,3,0,1,1,0,0,0,0,1
66,42.75,58,9,0,20,1,0,0,0,1,0,0,0,1
30,34.39,42,5,7,1,3,0,1,1,0,0,0,0,1
50,12.51,32,13,1,9,1,1,0,0,0,0,0,0,0
51,35.69,10,0,7,12,5,1,1,0,0,1,0,0,1
58,15.3,43,4,5,4,1,0,0,1,0,0,0,0,0
52,11.99,17,9,7,28,5,1,1,0,1,0,0,0,0
18,40.08,5,5,5,22,1,1,1,0,1,0,0,0,1
38,37.63,45,14,4,13,1,1,1,0,0,0,0,0,1
65,20.82,42,10,4,7,3,0,0,0,1,0,0,0,0
23,15.29,9,7,9,8,1,1,0,0,0,0,1,0,0
45,14.89,49,10,9,28,5,0,0,0,0,1,0,0,0
34,17.09,33,14,7,13,3,1,1,1,0,0,0,0,0
22,43.16,36,14,6,11,1,1,1,0,0,1,0,0,1
48,55.6,36,8,7,9,3,1,0,0,0,0,0,1,0
22,22.07,18,10,7,25,4,0,1,1,0,0,0,0,0
55,35.53,9,2,6,24,3,0,1,1,0,0,0,0,1
20,67.82,57,1,1,16,4,1,0,0,0,0,1,1,0
40,67.03,29,12,8,10,4,0,0,0,0,0,0,1,0
54,15.23,50,3,6,11,3,1,0,0,1,0,0,0,0
54,65.41,14,7,5,12,5,0,0,0,0,0,1,1,0
27,12.39,25,10,8,28,5,0,1,0,0,0,1,0,0
27,23.44,15,7,0,14,5,0,1,0,0,1,0,0,0
36,16.07,6,2,1,19,2,1,0,0,0,1,0,0,0
34,16.83,56,3,0,12,4,0,0,0,0,1,0,0,0
38,20.59,42,2,9,18,3,1,1,0,0,0,1,0,0
31,22.31,29,9,2,21,5,0,1,0,1,0,0,0,0
26,13.55,15,1,4,17,5,0,1,1,0,0,0,0,0
63,64.92,29,3,0,3,3,1,0,0,0,1,0,1,0
18,60.88,4,5,3,1,4,0,0,0,1,0,0,1,0
68,15.53,18,10,7,29,3,1,0,0,0,0,0,0,0
62,65.35,50,13,5,19,2,1,1,0,0,1,0,1,0
30,60.81,57,10,0,29,2,1,0,1,0,0,0,1,0
21,35.19,49,4,0,4,3,0,0,0,0,0,0,0,1
18,22.54,44,2,2,23,4,0,1,0,0,0,0,0,0
66,31.52,39,1,9,28,5,0,1,1,0,0,0,0,1
57,65.14,16,8,7,16,2,1,1,0,0,1,0,1,0
49,33.73,11,14,7,12,2,0,1,0,0,0,1,0,1
51,10.23,14,0,2,21,4,0,0,1,0,0,0,0,0
45,32.5,3,8,6,21,2,1,1,1,0,0,0,0,1
48,39.1,51,0,2,13,2,0,0,1,0,0,0,0,1
25,40.64,50,14,3,17,4,0,1,0,0,0,0,0,1
56,10.32,42,13,8,8,3,0,1,0,1,0,0,0,0
43,10.55,38,6,3,13,5,0,1,0,0,0,1,0,0
51,68.54,45,5,2,20,5,0,1,0,0,1,0,1,0
20,56.1,42,6,4,26,2,1,1,0,0,1,0,1,0
67,23.41,18,14,6,5,5,1,0,0,1,0,0,0,0
29,58.42,58,2,4,18,3,0,0,1,0,0,0,1,0
18,21.1,20,13,3,15,2,0,0,0,0,0,1,0,0
61,34.65,58,2,7,12,5,0,1,0,0,1,0,0,1
22,42.88,48,12,3,29,1,0,1,0,0,1,0,0,1
47,65.51,25,10,1,17,1,1,1,1,0,0,0,1,0
47,61.03,57,0,9,25,1,1,0,0,1,0,0,1,0
34,11.14,38,3,5,15,1,1,1,0,0,0,1,0,0
65,65.99,13,11,1,2,1,1,1,0,1,0,0,1,0
64,19.25,4,1,2,6,2,0,0,0,1,0,0,0,0
40,30.04,55,9,0,17,4,0,1,0,0,0,1,0,1
32,30.14,14,7,4,16,4,0,1,0,0,0,1,0,1
54,42.13,33,2,8,17,2,1,1,0,0,1,0,0,1
38,13.89,28,6,1,25,2,1,0,0,0,1,0,0,0
31,64.54,52,6,6,20,3,0,0,0,0,0,1,1,0
19,16.81,37,11,4,9,4,0,0,0,0,0,0,0,0
28,22.95,8,8,1,27,1,1,1,0,0,1,0,0,0
68,43.75,44,5,7,5,2,0,0,0,0,0,0,0,1
56,24.95,34,0,5,23,1,1,0,0,0,0,1,0,0
55,57.31,44,7,3,1,4,0,1,0,0,1,0,1,0
51,22.94,5,0,3,6,5,1,0,0,1,0,0,0,0
55,13.99,54,2,1,24,5,0,1,0,0,0,1,0,0
67,63.86,5,10,2,14,2,0,0,1,0,0,0,1,0
51,37.59,31,4,6,17,3,0,0,0,0,0,0,0,1
35,10.27,45,7,2,25,1,1,1,0,0,0,1,0,0
47,43.99,9,8,4,19,2,0,0,0,0,0,1,0,1
32,31.17,42,14,9,1,3,0,0,0,0,1,0,0,1
44,40.32,32,6,5,1,1,1,0,0,0,1,0,0,1
68,21.78,33,8,5,13,4,1,1,0,0,1,0,0,0
51,66.93,3,10,3,14,5,0,1,1,0,0,0,1,0
69,57.03,30,2,5,27,3,1,1,0,0,1,0,1,0
55,36.71,50,12,2,6,1,1,0,0,0,0,1,0,1
50,22.44,12,4,6,27,2,0,1,0,0,1,0,0,0
41,59.54,29,9,6,6,1,1,0,0,1,0,0,1,0
32,37.02,3,7,3,1,2,1,0,0,0,1,0,0,1
47,34.09,26,11,1,30,5,0,1,1,0,0,0,0,1
59,16.95,57,0,6,14,5,0,0,0,1,0,0,0,0
68,68.32,30,7,2,3,1,0,1,0,0,0,1,1,0
34,36.83,9,6,0,23,1,1,0,0,0,0,1,0,1
22,18.34,26,0,1,10,2,1,1,0,0,0,0,0,0
46,16.06,2,12,9,19,2,1,1,0,1,0,0,0,0
21,61.9,3,12,8,19,3,0,1,0,0,0,0,1,0
27,10.23,46,9,7,19,3,1,1,0,1,0,0,0,0
34,59.26,4,11,5,28,3,1,0,0,1,0,0,1,0
27,36.55,25,9,5,23,1,0,0,1,0,0,0,0,1
34,39.51,51,14,0,4,3,0,0,0,0,0,0,0,1
37,16.75,13,11,1,20,1,1,1,1,0,0,0,0,0
41,15.07,39,5,3,19,5,1,1,0,1,0,0,0,0
22,60.82,44,0,2,10,4,0,1,0,0,0,1,1,0
51,13.63,35,1,0,27,5,0,0,0,1,0,0,0,0
23,43.87,55,4,7,25,1,1,0,1,0,0,0,0,1
19,17.83,23,1,6,2,1,1,1,0,0,0,0,0,0
30,10.2,9,13,3,4,4,0,1,0,0,0,0,0,0
60,10.29,2,9,8,24,2,1,0,1,0,0,0,0,0
60,44.59,54,0,3,6,2,0,0,0,0,0,0,0,1
65,58.32,41,5,0,30,2,1,0,0,0,1,0,1,0
28,22.08,44,7,9,7,3,0,0,0,0,0,1,0,0
68,10.87,31,7,0,16,2,0,1,0,0,0,1,0,0
64,23.82,44,12,0,29,3,0,1,0,0,0,1,0,0
40,43.12,47,12,0,7,3,0,0,0,0,0,0,0,1
33,18.57,2,7,3,18,2,1,0,0,0,0,0,0,0
48,55.13,32,10,0,20,2,0,1,0,1,0,0,1,0
28,33.87,18,5,1,26,4,0,0,0,1,0,0,0,1
33,36.1,13,10,3,26,4,0,0,0,0,0,1,0,1
25,16.9,46,2,6,22,3,0,0,0,0,1,0,0,0
21,59.47,5,0,1,19,4,0,0,0,1,0,0,1,0
57,10.49,58,1,7,9,3,0,1,0,1,0,0,0,0
21,18.85,42,4,6,29,1,1,0,0,0,0,0,0,0
42,37.86,44,12,8,20,3,1,0,0,0,1,0,0,1
20,34.25,10,9,5,10,3,0,0,0,0,0,1,0,1
49,10.57,56,4,3,13,4,1,0,0,1,0,0,0,0
20,24.92,43,9,5,18,1,0,0,0,0,1,0,0,0
44,37.23,25,13,3,16,5,1,1,0,0,1,0,0,1
46,21.34,34,0,6,22,5,1,0,0,0,0,1,0,0
49,61.78,37,0,8,17,5,0,0,0,0,1,0,1,0
67,30.65,30,14,2,22,1,0,0,0,0,1,0,0,1
68,14.64,7,8,2,13,2,0,0,0,0,1,0,0,0
36,14.8,6,1,1,12,1,0,0,0,1,0,0,0,0
38,22.58,54,6,0,10,4,0,1,0,0,0,1,0,0
22,39.81,55,9,0,1,3,1,0,0,0,1,0,0,1
35,34.13,3,3,2,30,3,0,1,0,0,1,0,0,1
45,24.52,13,6,6,8,4,1,1,0,1,0,0,0,0
59,34.82,3,7,8,21,4,1,0,0,0,0,1,0,1
39,69.97,26,4,1,22,3,0,0,0,0,0,0,1,0
38,24.94,57,12,6,18,2,1,1,0,1,0,0,0,0
23,57.87,24,11,0,2,2,1,1,0,0,0,1,1,0
18,14.69,53,11,1,16,2,0,0,0,0,1,0,0,0
22,17.29,6,0,5,12,4,0,1,0,0,0,1,0,0
58,19.96,43,3,4,9,3,0,1,0,0,0,1,0,0
29,17.92,58,9,7,3,3,1,1,0,0,0,1,0,0
43,24.54,49,2,1,22,3,0,1,0,0,0,0,0,0
63,20.86,42,9,0,26,1,1,1,0,0,0,1,0,0
51,58.18,12,14,6,21,1,1,1,0,0,0,0,1,0
66,56.58,49,11,5,30,5,0,1,0,0,1,0,1,0
31,40.33,36,4,7,28,1,1,0,0,0,0,0,0,1
43,12.38,2,9,7,4,2,1,0,0,0,1,0,0,0
62,21.82,11,12,1,26,2,0,0,0,0,1,0,0,0
44,14.67,39,9,7,2,2,1,1,0,0,0,0,0,0
26,34.9,34,12,5,8,2,1,1,0,1,0,0,0,1
43,55.16,26,5,8,10,5,1,0,1,0,0,0,1,0
64,20.52,18,1,6,16,2,1,1,0,0,0,1,0,0
39,11.7,21,6,1,23,4,0,1,1,0,0,0,0,0
64,41.59,36,12,7,11,4,1,0,0,0,0,1,0,1
47,17.38,40,2,8,18,4,1,0,0,0,0,1,0,0
60,21.76,52,14,6,22,1,1,1,0,0,1,0,0,0
65,38.76,46,0,3,14,3,0,1,0,0,0,1,0,1
34,31.24,44,9,8,8,5,0,0,0,0,0,1,0,1
43,21.48,22,2,3,23,4,0,1,0,0,0,0,0,0
53,11.05,53,8,3,15,4,0,0,1,0,0,0,0,0
18,62.18,59,9,8,17,2,1,0,0,0,0,0,1,0
25,12.59,30,10,7,21,4,0,0,0,0,0,1,0,0
66,21.29,50,10,3,18,2,0,1,0,0,1,0,0,0
52,23.67,43,14,7,6,2,1,0,0,0,0,0,0,0
69,18.31,30,5,7,23,3,0,0,0,0,0,0,0,0
32,17.91,8,10,6,30,1,1,1,0,1,0,0,0,0
64,66.46,34,5,9,14,2,1,1,0,0,0,1,1,0
39,10.08,57,3,5,23,2,1,0,0,0,1,0,0,0
31,23.77,47,14,7,3,3,1,1,0,0,0,0,0,0
43,32.96,9,7,6,7,2,1,1,0,0,0,0,0,1
45,44.76,51,4,4,15,5,0,1,0,0,1,0,0,1
40,66.04,20,6,3,21,1,1,0,0,0,0,1,1,0
31,66.61,40,8,1,24,5,0,0,0,1,0,0,1,0
41,19.84,25,12,7,28,4,0,0,0,0,0,0,0,0
19,37.07,19,12,8,16,1,1,1,0,1,0,0,0,1
62,18.57,5,13,3,16,4,1,1,1,0,0,0,0,0
43,55.7,11,4,3,8,2,1,0,0,0,0,1,1,0
31,19.36,15,10,4,7,3,0,0,1,0,0,0,0,0
68,64.39,8,13,1,6,5,0,1,1,0,0,0,1,0
24,43.37,19,4,6,2,4,1,0,1,0,0,0,0,1
20,17.58,23,13,4,22,2,0,0,0,0,0,1,0,0
64,31.16,27,3,5,13,5,0,0,0,0,0,1,0,1
40,59.59,40,5,3,12,5,1,0,0,0,1,0,1,0
63,64.83,32,1,7,15,4,0,0,0,1,0,0,1,0
60,13.59,26,2,7,27,2,1,1,0,1,0,0,0,0
64,34.21,27,0,4,9,3,0,0,0,0,1,0,0,1
62,22.31,19,1,5,2,4,1,0,0,0,1,0,0,0
35,18.76,50,1,2,17,5,0,1,1,0,0,0,0,0
55,17.63,42,7,0,27,5,0,0,0,0,1,0,0,0
52,14.78,29,7,8,29,1,0,0,0,0,0,0,0,0
68,65.96,39,1,8,5,2,1,0,0,1,0,0,1,0
32,14.32,41,12,2,11,1,0,0,0,0,1,0,0,0
42,66.06,33,13,3,22,3,0,0,0,0,0,0,1,0
54,11.05,19,5,6,19,4,0,0,0,0,0,0,0,0
45,22.97,37,14,1,24,5,0,1,0,0,0,0,0,0
27,17.49,19,4,2,7,2,1,0,0,0,0,0,0,0
56,16.58,33,2,5,2,5,0,1,1,0,0,0,0,0
34,19.17,47,4,7,16,1,1,1,0,0,0,0,0,0
56,19.36,16,4,0,12,1,0,1,1,0,0,0,0,0
39,31.98,23,4,3,23,4,0,1,1,0,0,0,0,1
43,21.34,7,2,0,15,2,1,1,0,0,0,0,0,0
61,14.14,26,14,1,1,2,0,0,0,1,0,0,0,0
42,23.57,32,2,7,25,4,1,0,0,0,0,0,0,0
34,67.27,12,3,5,13,1,1,0,0,0,0,0,1,0
30,60.19,8,6,8,23,1,0,1,0,0,0,0,1,0
37,22.12,5,11,1,6,1,0,0,0,1,0,0,0,0
42,15.35,42,11,2,13,5,1,0,0,0,0,1,0,0
21,11.51,28,11,8,18,3,1,0,0,0,0,1,0,0
27,69.43,53,13,8,3,1,1,1,1,0,0,0,1,0
20,19.79,5,1,5,1,3,1,1,1,0,0,0,0,0
58,16.84,49,9,2,15,3,0,1,0,1,0,0,0,0
62,15.97,26,3,4,26,2,0,1,0,0,1,0,0,0
35,14.87,5,3,1,13,4,0,1,0,0,0,1,0,0
64,24.72,22,0,6,5,5,1,0,1,0,0,0,0,0
53,32.02,15,9,9,25,3,0,1,0,0,0,1,0,1
64,14.72,13,7,7,13,5,1,1,0,1,0,0,0,0
39,37.28,28,0,5,22,2,1,1,0,1,0,0,0,1
51,17.17,33,7,7,5,1,0,1,0,0,1,0,0,0
64,17.07,43,6,1,28,3,0,1,0,0,1,0,0,0
25,57.64,23,8,2,19,4,0,1,0,1,0,0,1,0
57,12.17,33,7,6,21,2,1,1,1,0,0,0,0,0
66,58.82,43,4,9,24,5,0,0,0,0,0,1,1,0
61,43.72,18,7,0,28,1,0,0,0,0,0,0,0,1
36,11.7,50,13,6,18,5,0,1,0,0,1,0,0,0
59,66.36,53,14,5,21,4,1,1,0,0,0,0,1,0
58,21.36,30,10,7,22,3,0,0,1,0,0,0,0,0
54,67.15,26,9,6,10,4,1,1,0,0,1,0,1,0
23,23.3,16,11,3,24,5,0,1,0,0,0,0,0,0
69,58.95,13,14,2,8,5,0,0,1,0,0,0,1,0
43,13.37,39,11,2,15,4,0,1,0,0,0,1,0,0
51,36.98,33,2,3,21,4,0,0,1,0,0,0,0,1
62,33.98,26,14,8,25,4,0,0,0,0,1,0,0,1
23,66.01,48,9,8,20,1,1,1,0,1,0,0,1,0
54,64.54,1,6,1,28,5,0,1,0,0,0,1,1,0
50,68.12,49,11,4,25,2,1,0,0,0,0,0,1,0
39,56.24,38,3,0,27,1,1,1,0,0,1,0,1,0
38,23.73,2,4,3,23,1,1,1,0,1,0,0,0,0
23,14.4,49,8,1,22,1,0,0,1,0,0,0,0,0
23,17.36,6,6,7,4,2,1,0,0,1,0,0,0,0
65,16.58,46,3,3,2,4,0,1,0,0,1,0,0,0
21,21.4,50,5,4,24,5,0,0,0,0,1,0,0,0
47,36.3,38,9,3,6,3,0,1,0,1,0,0,0,1
28,24.15,42,13,4,28,3,0,0,1,0,0,0,0,0
47,43.54,24,10,4,3,5,0,0,0,1,0,0,0,1
48,23.08,18,6,4,7,2,0,0,0,0,1,0,0,0
41,11.07,27,12,2,10,3,1,0,0,0,1,0,0,0
26,42.81,41,9,6,23,1,1,0,0,0,0,0,0,1
20,41.72,8,12,2,6,3,0,1,0,0,0,0,0,1
68,31.55,28,8,1,16,5,1,0,0,0,0,1,0,1
48,31.61,10,3,2,2,1,1,1,0,0,1,0,0,1
57,11.52,17,9,2,24,3,1,1,0,0,0,0,0,0
54,30.17,55,2,7,17,5,0,1,0,1,0,0,0,1
53,18.23,29,7,3,13,2,1,0,1,0,0,0,0,0
41,24.6,58,14,2,1,5,0,0,0,1,0,0,0,0
48,16.58,6,0,9,6,2,0,1,1,0,0,0,0,0
23,18.11,14,8,4,5,1,0,1,0,0,0,0,0,0
19,24.52,22,12,3,25,5,0,0,0,0,0,1,0,0
37,58.83,54,0,8,13,4,0,1,0,1,0,0,1,0
45,67.88,6,1,7,28,4,1,1,0,1,0,0,1,0
28,18.2,26,12,6,23,4,1,0,0,1,0,0,0,0
21,18.54,39,7,7,18,4,1,0,1,0,0,0,0,0
32,15.15,12,8,4,29,4,0,0,0,0,0,0,0,0
23,18.42,35,6,3,12,2,0,1,0,1,0,0,0,0
66,56.1,14,2,6,7,5,0,1,0,1,0,0,1,0
47,21.47,22,6,0,15,1,0,0,0,0,0,1,0,0
55,34.27,51,5,5,3,4,0,0,0,0,0,1,0,1
68,23.31,23,1,7,16,4,0,0,0,0,0,0,0,0
19,60.52,48,2,6,1,1,1,0,0,0,0,0,1,0
32,12.14,7,10,1,27,1,1,1,0,0,1,0,0,0
28,40.44,40,12,6,16,4,1,0,0,0,0,1,0,1
25,12.47,50,11,5,24,2,1,1,0,0,1,0,0,0
43,41.31,25,12,4,30,1,0,1,1,0,0,0,0,1
68,24.52,13,9,3,12,5,0,0,0,0,1,0,0,0
62,21.69,21,9,0,19,5,0,1,0,1,0,0,0,0
61,55.34,41,12,1,27,2,0,1,0,0,1,0,1,0
22,64.0,10,11,6,8,3,0,0,0,0,0,0,1,0
23,65.43,53,14,9,23,2,1,1,1,0,0,0,1,0
43,42.38,55,4,2,12,4,0,0,0,1,0,0,0,1
21,55.84,59,9,4,15,3,0,1,0,0,1,0,1,0
36,17.2,9,3,7,2,4,1,0,1,0,0,0,0,0
37,18.03,15,1,7,29,5,0,1,1,0,0,0,0,0
50,12.54,52,3,5,30,1,1,1,0,1,0,0,0,0
37,34.84,2,11,4,30,4,0,0,0,0,1,0,0,1
66,16.6,25,7,1,17,5,0,0,1,0,0,0,0,0
29,22.5,13,4,8,7,2,1,0,1,0,0,0,0,0
64,43.94,34,4,0,13,4,0,1,0,0,0,1,0,1
18,64.43,51,12,1,1,5,1,0,1,0,0,0,1,0
43,15.92,58,11,0,6,1,1,0,0,0,0,1,0,0
31,13.81,34,11,3,13,4,0,0,0,0,1,0,0,0
55,24.73,35,9,3,11,5,0,0,0,0,1,0,0,0
54,24.75,38,2,4,10,4,0,1,0,0,1,0,0,0
28,23.87,3,12,4,16,1,0,1,0,0,0,0,0,0
53,41.79,42,7,7,27,4,1,0,0,0,1,0,0,1
30,34.89,56,5,2,26,4,1,1,1,0,0,0,0,1
60,42.26,59,1,5,24,5,0,1,0,1,0,0,0,1
20,16.13,6,1,2,23,3,0,0,0,0,0,1,0,0
50,59.9,55,8,1,20,4,0,0,0,0,0,0,1,0
23,21.17,48,12,7,17,3,0,0,0,0,1,0,0,0
67,11.19,49,6,0,17,2,0,0,0,0,1,0,0,0
27,55.73,19,9,8,4,4,1,0,0,1,0,0,1,0
22,16.72,3,8,6,5,3,0,1,0,1,0,0,0,0
40,16.68,18,13,9,28,2,1,1,0,0,0,0,0,0
27,68.43,39,5,3,23,5,0,1,0,0,0,1,1,0
61,11.89,9,14,2,14,4,0,1,0,0,1,0,0,0
19,31.85,52,4,5,20,5,0,0,0,0,0,0,0,1
30,12.21,12,11,8,10,2,1,1,1,0,0,0,0,0
57,30.45,5,0,8,14,5,1,1,1,0,0,0,0,1
19,11.08,3,11,3,28,5,0,1,0,0,0,0,0,0
37,19.9,11,5,9,1,1,1,1,0,0,1,0,0,0
18,36.47,57,5,4,11,2,1,1,0,0,0,0,0,1
54,21.45,30,2,8,26,5,0,1,0,0,1,0,0,0
26,24.89,4,2,1,23,3,0,1,0,1,0,0,0,0
34,19.89,5,14,1,18,2,1,1,0,0,0,0,0,0
26,10.76,1,2,4,16,1,1,1,0,0,1,0,0,0
28,11.57,27,2,0,29,4,0,0,0,0,0,0,0,0
32,23.22,28,6,7,27,5,1,1,0,0,0,0,0,0
41,62.91,29,9,4,18,3,0,1,0,0,1,0,1,0
55,22.37,18,10,9,8,1,1,0,0,0,1,0,0,0
52,22.85,12,1,1,28,2,0,1,0,0,0,1,0,0
47,23.92,13,9,8,10,5,0,0,0,0,0,0,0,0
48,24.25,41,12,1,26,1,1,0,1,0,0,0,0,0
66,63.32,2,9,6,10,1,1,1,0,0,0,0,1,0
22,15.12,37,1,7,5,3,0,0,0,0,0,0,0,0
61,69.43,45,2,5,10,4,1,1,0,0,1,0,1,0
67,18.21,16,9,6,18,4,0,0,0,0,0,0,0,0
31,30.96,48,11,0,21,4,0,1,0,0,0,0,0,1
28,39.64,24,6,3,24,2,0,0,1,0,0,0,0,1
26,63.82,35,2,6,6,1,1,1,0,0,1,0,1,0
51,43.44,22,6,0,3,2,1,0,0,0,0,0,0,1
29,39.8,36,8,0,8,1,0,0,0,1,0,0,0,1
52,15.24,11,10,5,30,3,1,1,0,0,0,1,0,0
52,24.49,55,9,3,9,3,0,1,1,0,0,0,0,0
18,67.02,58,11,2,5,2,1,0,0,0,0,0,1,0
57,19.46,46,14,4,29,2,0,0,0,1,0,0,0,0
39,14.39,29,10,8,2,3,1,1,0,0,0,0,0,0
46,35.6,35,3,9,2,5,0,0,0,0,0,0,0,1
25,20.05,48,6,9,7,4,1,0,0,0,1,0,0,0
28,56.08,54,8,9,17,4,0,0,0,0,1,0,1,0
58,33.85,15,13,2,10,3,0,1,0,0,1,0,0,1
54,40.71,31,7,4,12,4,0,0,0,1,0,0,0,1
31,62.2,42,7,9,2,5,0,1,0,0,0,0,1,0
47,16.04,41,8,4,10,5,0,0,0,0,0,1,0,0
52,12.27,43,13,8,20,1,1,1,1,0,0,0,0,0
38,16.63,16,4,9,1,2,1,1,0,0,1,0,0,0
54,21.56,10,13,3,4,4,1,0,0,0,1,0,0,0
22,33.96,49,4,0,13,5,0,1,0,0,0,0,0,1
36,55.08,32,2,9,12,2,1,0,0,0,0,0,1,0
31,20.03,51,4,4,11,2,1,0,0,1,0,0,0,0
43,24.59,2,7,0,29,1,1,0,0,1,0,0,0,0
21,64.1,24,11,5,10,2,1,1,0,0,1,0,1,0
42,11.8,23,4,9,15,2,1,0,0,0,0,0,0,0
62,14.81,2,3,9,5,3,0,1,0,0,0,1,0,0
59,23.01,38,7,6,25,1,0,1,1,0,0,0,0,0
42,58.49,31,6,0,17,1,1,0,0,0,0,0,1,0
35,39.12,51,14,9,28,4,0,1,0,0,0,0,0,1
57,36.04,40,13,3,5,2,1,1,0,1,0,0,0,1
25,58.12,26,13,8,2,4,0,0,1,0,0,0,1,0
56,22.2,29,5,0,9,5,0,1,0,0,1,0,0,0
57,21.14,3,4,8,6,2,1,1,0,0,0,0,0,0
31,64.92,58,13,7,18,5,0,0,0,0,1,0,1,0
49,13.55,14,4,4,14,3,1,1,0,0,0,0,0,0
68,31.47,25,12,5,19,2,1,0,0,0,1,0,0,1
55,63.64,48,9,6,14,4,0,0,1,0,0,0,1,0
50,38.31,1,1,3,8,4,1,0,0,1,0,0,0,1
40,32.83,53,12,5,17,2,1,0,1,0,0,0,0,1
32,55.84,3,14,6,28,4,1,1,0,0,0,1,1,0
50,56.21,54,3,5,3,2,1,1,0,1,0,0,1,0
42,24.89,26,7,5,29,1,1,0,1,0,0,0,0,0
34,21.75,18,7,1,10,4,0,0,0,0,0,1,0,0
50,23.83,9,10,4,17,2,1,0,0,0,0,0,0,0
64,32.93,38,0,2,27,2,0,1,0,0,0,0,0,1
19,24.41,23,1,6,11,4,1,1,0,0,1,0,0,0
31,32.14,21,4,3,8,1,1,1,0,1,0,0,0,1
57,17.64,57,8,0,1,4,1,0,0,0,0,0,0,0
57,42.45,1,9,5,13,2,1,1,0,1,0,0,0,1
68,15.25,21,10,5,21,1,1,0,0,0,0,0,0,0
56,36.37,27,11,6,4,5,1,0,0,0,1,0,0,1
68,31.92,42,12,7,7,3,0,1,1,0,0,0,0,1
23,11.84,59,10,2,14,4,0,0,0,0,1,0,0,0
23,19.29,6,6,5,5,2,0,1,0,0,0,1,0,0
20,40.13,55,9,9,24,1,1,0,0,0,0,0,0,1
24,21.66,44,4,1,28,1,1,0,0,0,0,1,0,0
68,18.35,36,0,8,30,5,1,0,0,0,0,1,0,0
25,64.69,28,14,1,11,4,0,0,0,1,0,0,1,0
59,30.2,45,14,2,17,1,0,1,0,0,0,0,0,1
69,57.43,17,5,9,5,5,0,1,0,0,0,1,1,0
32,24.77,59,11,1,20,2,1,0,1,0,0,0,0,0
64,11.14,40,7,8,3,5,1,1,0,0,0,1,0,0
46,65.18,58,6,0,5,4,0,1,1,0,0,0,1,0
50,32.64,52,1,4,26,5,0,1,0,1,0,0,0,1
69,40.75,3,11,0,15,1,1,0,0,0,0,1,0,1
47,20.59,12,4,4,19,1,1,1,0,0,1,0,0,0
56,13.51,39,13,7,16,3,1,0,0,1,0,0,0,0
44,14.04,12,10,7,8,5,1,0,1,0,0,0,0,0
53,19.82,2,3,7,13,2,1,1,0,1,0,0,0,0
46,15.85,56,8,1,16,4,0,1,0,0,0,1,0,0
55,12.92,46,9,7,3,3,0,1,0,0,0,0,0,0
50,65.98,22,0,4,1,5,1,0,0,0,0,0,1,0
54,12.31,23,11,0,9,2,0,1,1,0,0,0,0,0
44,42.83,30,5,6,9,3,0,1,1,0,0,0,0,1
50,62.72,5,2,5,22,1,1,1,0,0,0,0,1,0
21,31.59,9,10,4,26,4,1,0,1,0,0,0,0,1
39,20.41,21,8,0,17,5,0,1,0,1,0,0,0,0
19,37.79,11,4,0,24,2,1,0,0,0,1,0,0,1
27,34.47,5,12,5,2,1,1,0,0,0,1,0,0,1
22,36.34,35,5,9,9,3,1,1,0,1,0,0,0,1
27,34.48,27,10,6,30,4,1,0,0,0,1,0,0,1
50,58.95,49,8,9,24,3,1,1,0,0,0,1,1,0
55,32.45,2,8,9,19,3,0,0,0,1,0,0,0,1
30,15.44,24,7,0,13,2,1,0,1,0,0,0,0,0
48,33.76,31,8,8,5,1,0,0,0,1,0,0,0,1
64,20.25,33,3,3,9,5,0,1,0,0,0,0,0,0
53,65.26,39,5,4,13,2,0,1,1,0,0,0,1,0
62,17.53,30,4,1,1,4,0,1,0,0,0,0,0,0
41,21.67,46,4,9,25,3,0,1,1,0,0,0,0,0
69,67.62,37,3,7,15,4,0,1,0,0,1,0,1,0
32,38.7,51,1,1,4,2,1,1,0,1,0,0,0,1
46,19.28,28,11,2,4,2,0,1,0,0,0,1,0,0
25,14.24,31,5,8,20,5,0,1,1,0,0,0,0,0
22,68.42,11,8,1,10,3,0,0,1,0,0,0,1,0
46,10.36,23,11,5,28,2,0,1,0,0,0,0,0,0
64,60.23,57,0,3,25,4,1,1,0,0,1,0,1,0
21,20.83,2,13,6,30,5,1,1,0,0,0,0,0,0
29,31.2,40,6,5,6,4,1,1,0,0,0,0,0,1
62,57.75,41,5,9,27,3,1,0,0,0,1,0,1,0
19,18.84,27,2,8,24,5,0,1,0,0,0,1,0,0
44,18.4,35,0,8,12,5,0,0,0,0,0,0,0,0
48,21.08,2,12,9,30,5,0,0,0,0,0,0,0,0
68,42.19,39,3,3,20,1,0,0,1,0,0,0,0,1
68,31.93,37,14,0,16,5,0,0,0,0,1,0,0,1
53,30.28,21,13,1,3,4,1,0,0,1,0,0,0,1
53,20.34,58,8,7,14,4,0,0,0,0,0,1,0,0
43,14.52,5,14,9,1,3,0,0,0,0,0,1,0,0
60,19.39,52,1,7,10,2,1,0,0,0,1,0,0,0
44,12.26,45,2,1,15,2,0,0,1,0,0,0,0,0
22,37.04,21,1,3,7,1,0,0,1,0,0,0,0,1
37,62.57,29,13,0,4,5,0,0,0,0,1,0,1,0
28,38.78,20,1,6,14,1,1,1,1,0,0,0,0,1
27,17.7,38,9,3,24,3,0,1,0,0,0,1,0,0
57,62.44,20,10,7,16,3,0,1,0,0,0,1,1,0
55,34.99,50,10,8,14,2,1,1,0,1,0,0,0,1
23,56.07,25,7,8,3,3,1,1,0,0,1,0,1,0
25,31.34,2,2,2,17,5,0,1,0,0,0,0,0,1
40,16.51,57,6,4,21,4,0,0,0,0,0,0,0,0
64,15.34,32,7,5,14,3,1,1,0,1,0,0,0,0
43,37.74,26,2,5,18,1,1,0,0,1,0,0,0,1
63,14.57,6,1,9,3,5,1,1,1,0,0,0,0,0
60,20.32,41,12,7,30,3,0,1,0,1,0,0,0,0
29,42.96,57,12,5,22,3,0,0,0,1,0,0,0,1
43,34.48,3,7,5,19,5,1,0,0,0,0,0,0,1
30,32.89,33,2,3,3,3,0,1,1,0,0,0,0,1
57,11.74,1,6,6,12,4,0,0,0,1,0,0,0,0
35,19.24,51,11,7,22,2,1,0,0,1,0,0,0,0
42,36.66,5,0,2,5,5,0,1,1,0,0,0,0,1
50,57.82,13,13,6,10,1,1,1,0,0,1,0,1,0
64,39.8,19,14,2,9,3,0,0,1,0,0,0,0,1
57,57.23,12,11,7,1,2,1,0,0,0,0,0,1,0
60,38.31,48,5,0,13,1,0,0,0,0,1,0,0,1
29,37.91,25,11,0,3,1,1,0,0,0,0,1,0,1
61,21.01,57,11,5,19,4,1,1,1,0,0,0,0,0
53,30.83,51,12,9,11,2,1,1,0,0,0,0,0,1
65,43.32,35,8,8,16,5,1,1,0,0,1,0,0,1
21,40.54,12,11,3,6,2,1,0,1,0,0,0,0,1
22,13.24,30,2,5,24,2,1,0,0,1,0,0,0,0
54,32.75,5,13,4,3,1,1,0,1,0,0,0,0,1
25,16.47,34,6,0,19,4,0,1,0,0,0,1,0,0
59,42.26,22,12,5,6,4,1,1,1,0,0,0,0,1
66,22.64,39,5,8,8,2,0,1,0,0,1,0,0,0
45,62.81,13,7,2,22,2,0,0,0,0,1,0,1,0
48,22.91,57,2,2,13,3,0,0,1,0,0,0,0,0
26,10.08,47,2,1,12,1,1,1,0,0,1,0,0,0
68,10.53,54,3,3,30,5,0,0,0,1,0,0,0,0
46,43.68,3,2,9,10,5,0,1,1,0,0,0,0,1
31,21.63,53,8,2,3,4,0,0,0,1,0,0,0,0
57,16.76,20,10,1,4,1,1,1,0,1,0,0,0,0
58,41.3,31,3,0,1,4,0,0,0,0,0,0,0,1
39,24.33,5,5,2,13,5,0,1,1,0,0,0,0,0
28,66.58,24,7,9,24,2,0,0,0,0,1,0,1,0
40,67.64,40,10,5,4,1,1,1,0,1,0,0,1,0
18,41.41,54,12,8,22,1,0,1,0,0,0,0,0,1
63,12.52,33,7,4,11,3,0,1,1,0,0,0,0,0
54,42.5,8,14,2,19,2,0,1,1,0,0,0,0,1
38,12.93,24,4,4,11,2,0,1,0,0,0,1,0,0
43,23.39,50,4,4,12,4,0,0,0,0,0,1,0,0
63,16.88,20,5,4,11,1,1,1,0,1,0,0,0,0
53,65.15,16,9,6,6,4,0,0,0,0,0,1,1,0
40,17.46,50,6,4,12,2,0,0,0,1,0,0,0,0
18,31.41,52,12,6,27,3,1,0,0,0,1,0,0,1
68,34.36,12,12,8,9,1,1,1,0,1,0,0,0,1
57,24.76,13,9,4,25,2,0,1,0,0,0,1,0,0
32,24.41,45,13,1,10,3,0,0,0,0,1,0,0,0
38,59.81,42,6,4,3,5,1,0,0,0,0,1,1,0
64,44.94,39,12,7,3,2,1,1,0,1,0,0,0,1
26,42.68,25,3,3,20,5,0,1,0,0,0,0,0,1
26,19.16,46,5,1,28,4,0,1,1,0,0,0,0,0
27,10.6,32,6,9,23,5,1,0,0,0,0,1,0,0
69,23.52,24,4,2,16,2,0,1,0,1,0,0,0,0
43,18.36,48,4,8,3,5,0,1,0,0,1,0,0,0
58,23.03,47,1,8,10,1,1,0,0,0,0,1,0,0
52,67.52,44,6,7,24,2,1,1,0,0,0,1,1,0
69,22.5,9,11,7,11,3,0,1,1,0,0,0,0,0
42,20.47,40,5,7,8,5,0,0,0,1,0,0,0,0
43,34.37,50,10,7,6,1,1,0,0,0,0,0,0,1
28,35.04,23,0,7,20,4,0,1,0,0,1,0,0,1
55,14.63,50,3,0,11,4,0,1,0,1,0,0,0,0
19,30.3,13,2,5,28,5,0,1,0,0,1,0,0,1
24,18.74,59,11,8,27,4,0,1,0,0,0,1,0,0
35,20.48,32,14,7,21,3,0,0,1,0,0,0,0,0
44,22.81,50,2,2,12,2,0,1,1,0,0,0,0,0
51,57.1,15,6,0,16,1,1,1,0,0,0,0,1,0
44,18.16,36,10,1,18,5,0,1,1,0,0,0,0,0
34,10.12,49,11,1,13,4,0,0,0,0,0,1,0,0
60,11.43,5,9,6,22,2,1,0,0,0,0,0,0,0
61,55.81,22,3,5,3,3,0,0,0,1,0,0,1,0
68,20.88,16,14,1,15,4,1,1,1,0,0,0,0,0
41,11.22,41,11,7,22,4,1,0,0,0,0,0,0,0
42,20.75,10,7,8,28,1,0,0,0,0,0,1,0,0
24,13.74,24,10,6,21,3,0,1,0,0,1,0,0,0
69,43.17,18,8,3,14,3,0,1,0,0,1,0,0,1
23,42.2,49,2,0,18,5,0,1,0,0,0,1,0,1
41,24.37,18,4,3,28,1,1,1,0,0,0,1,0,0
50,23.26,7,3,3,29,5,0,1,0,0,1,0,0,0
66,24.0,4,13,7,14,1,1,1,0,0,0,0,0,0
46,22.88,26,11,3,5,3,0,1,0,0,1,0,0,0
60,20.4,5,9,3,21,1,1,0,0,0,0,1,0,0
39,32.55,55,14,1,14,1,1,1,1,0,0,0,0,1
43,59.08,16,5,9,25,1,1,0,0,1,0,0,1,0
45,58.19,35,10,6,27,2,0,0,1,0,0,0,1,0
67,64.05,26,9,3,8,2,0,0,1,0,0,0,1,0
38,37.55,18,3,5,28,3,0,0,0,0,0,1,0,1
66,43.01,29,7,2,28,1,0,1,0,0,1,0,0,1
24,24.29,23,2,6,23,3,0,0,0,0,0,0,0,0
34,36.07,53,10,5,15,2,1,1,1,0,0,0,0,1
37,17.6,14,4,2,28,1,1,1,0,0,1,0,0,0
58,24.57,15,12,3,29,5,0,0,0,0,0,0,0,0
66,34.14,49,0,9,15,2,0,1,1,0,0,0,0,1
37,21.89,33,12,4,30,2,1,1,0,0,0,0,0,0
39,13.38,25,14,8,19,2,1,0,0,0,1,0,0,0
45,65.22,21,5,5,26,1,1,0,0,1,0,0,1,0
57,13.8,17,10,3,20,4,0,0,0,0,1,0,0,0
66,23.26,23,4,6,6,5,0,1,0,0,0,1,0,0
24,63.42,57,7,1,19,5,0,0,0,0,0,0,1,0
18,32.79,43,8,3,27,3,0,1,0,1,0,0,0,1
49,33.37,17,7,4,25,1,0,0,0,0,0,0,0,1
30,17.41,58,7,3,8,2,0,0,0,0,0,0,0,0
47,24.42,14,11,3,6,4,1,0,1,0,0,0,0,0
40,66.54,29,13,8,20,1,1,0,0,0,0,1,1,0
68,37.32,20,12,1,23,1,1,1,0,0,0,0,0,1
36,35.07,30,2,5,29,4,1,0,0,0,1,0,0,1
49,18.24,19,3,7,15,2,1,0,0,0,1,0,0,0
47,21.23,53,14,7,27,1,1,1,1,0,0,0,0,0
46,66.76,39,10,6,3,5,1,0,0,0,0,1,1,0
66,14.87,56,3,9,10,5,0,1,0,0,0,1,0,0
62,40.82,13,14,3,15,4,0,0,0,0,1,0,0,1
46,19.87,18,14,6,24,2,1,0,0,1,0,0,0,0
47,44.39,23,13,9,16,4,0,0,1,0,0,0,0,1
33,68.97,46,10,5,17,1,1,1,1,0,0,0,1,0
57,41.84,33,4,5,19,5,0,0,0,0,1,0,0,1
36,20.85,39,12,1,11,3,0,0,0,0,1,0,0,0
35,34.11,40,8,7,16,4,0,0,0,1,0,0,0,1
18,42.69,18,11,7,5,3,0,1,0,1,0,0,0,1
31,16.41,9,8,6,5,3,0,1,0,0,0,1,0,0
68,59.08,33,9,8,26,5,0,0,1,0,0,0,1,0
64,35.76,32,12,7,14,4,0,1,1,0,0,0,0,1
67,67.54,54,11,8,18,3,0,0,0,0,1,0,1,0
19,32.23,17,13,8,26,1,0,0,0,0,0,1,0,1
45,16.84,19,0,5,8,2,1,0,1,0,0,0,0,0
66,17.39,27,13,1,5,2,0,0,0,0,0,1,0,0
67,10.55,6,13,6,7,5,0,0,0,0,0,1,0,0
47,57.94,35,7,2,16,4,1,1,0,0,1,0,1,0
55,42.4,56,13,6,23,4,0,1,0,0,0,1,0,1
68,42.46,37,0,8,14,2,0,1,0,1,0,0,0,1
21,14.39,34,1,9,5,1,1,1,0,1,0,0,0,0
18,23.12,20,6,9,24,2,1,0,0,0,0,0,0,0
25,41.58,25,14,1,9,2,1,0,0,0,1,0,0,1
46,16.27,4,7,5,4,4,0,0,0,0,0,0,0,0
56,21.23,10,0,5,4,3,0,0,0,1,0,0,0,0
20,44.42,10,14,8,16,1,1,0,0,0,0,0,0,1
49,16.88,24,2,8,24,4,0,0,0,0,1,0,0,0
27,13.58,21,6,4,17,2,0,0,0,0,1,0,0,0
27,24.13,11,12,4,15,3,0,0,0,0,0,1,0,0
36,19.06,27,8,8,4,1,1,1,1,0,0,0,0,0
63,56.58,16,7,7,6,5,1,1,0,0,0,1,1,0
51,18.59,26,7,6,16,1,1,1,0,0,1,0,0,0
50,17.51,30,14,7,29,1,1,0,0,1,0,0,0,0
40,22.83,49,8,5,4,2,1,0,0,1,0,0,0,0
45,37.96,16,9,2,6,2,0,1,0,0,0,1,0,1
49,13.83,7,2,6,5,5,0,1,0,0,1,0,0,0
67,40.13,16,7,7,16,5,0,0,0,1,0,0,0,1
24,18.14,35,0,7,30,5,0,1,0,0,1,0,0,0
46,13.5,58,7,0,25,4,0,1,0,1,0,0,0,0
25,18.6,16,12,6,16,4,0,0,0,0,1,0,0,0
18,67.32,40,6,2,10,2,1,1,0,0,0,0,1,0
20,55.43,12,12,1,9,2,1,1,0,0,1,0,1,0
41,19.46,35,14,1,4,5,0,0,0,0,1,0,0,0
40,35.24,49,7,7,29,4,1,0,0,0,0,1,0,1
25,59.39,21,0,8,14,3,0,0,0,0,0,0,1,0
64,15.89,50,5,2,4,4,0,1,1,0,0,0,0,0
54,60.13,43,6,2,12,2,0,1,0,0,0,1,1,0
20,22.48,36,13,5,24,4,0,1,1,0,0,0,0,0
68,59.12,48,10,9,10,2,1,0,0,1,0,0,1,0
50,41.0,17,4,0,4,5,0,0,1,0,0,0,0,1
45,56.41,32,13,5,18,5,0,1,0,0,1,0,1,0
64,44.27,41,4,2,13,5,0,0,1,0,0,0,0,1
25,19.33,6,6,3,13,3,0,1,0,0,0,1,0,0
51,65.6,24,14,8,14,3,0,1,0,0,0,1,1,0
52,14.47,27,10,2,18,2,0,1,1,0,0,0,0,0
49,16.18,20,14,0,1,1,1,1,0,0,0,1,0,0
41,33.36,25,2,2,21,3,1,0,0,0,0,1,0,1
31,43.99,2,5,6,16,2,1,0,1,0,0,0,0,1
49,62.32,9,6,6,15,4,1,1,0,0,0,0,1,0
63,19.46,28,0,4,22,5,0,0,0,0,0,0,0,0
60,41.01,53,11,0,25,5,0,1,0,1,0,0,0,1
33,35.57,38,1,7,5,5,1,0,0,0,0,1,0,1
21,20.8,3,11,9,29,2,1,0,1,0,0,0,0,0
69,20.14,20,3,7,6,5,0,1,0,0,0,1,0,0
54,20.58,6,12,9,6,3,0,0,0,0,1,0,0,0
38,17.34,39,7,9,3,4,1,1,0,0,0,1,0,0
31,60.74,33,10,9,16,5,0,1,0,0,0,1,1,0
48,33.33,55,12,1,12,2,1,1,0,0,0,0,0,1
65,42.37,1,13,9,4,4,1,0,1,0,0,0,0,1
35,64.13,37,9,2,1,5,0,0,0,0,0,1,1,0
24,16.67,6,5,3,4,1,0,1,0,0,0,0,0,0
27,69.16,45,0,0,1,5,0,0,0,1,0,0,1,0
24,10.72,34,9,3,21,3,0,0,0,0,0,0,0,0
50,67.75,47,4,4,27,4,0,0,0,0,0,0,1,0
40,24.96,15,6,2,27,3,1,0,0,0,0,0,0,0
38,68.3,45,14,9,8,1,1,0,0,0,0,1,1,0
36,22.16,26,12,1,24,1,0,1,0,0,0,1,0,0
65,15.61,57,5,5,5,3,1,1,0,1,0,0,0,0
36,33.47,14,12,7,30,4,1,0,0,0,1,0,0,1
53,21.02,58,12,6,26,1,1,1,0,0,1,0,0,0
46,34.57,54,11,0,2,1,1,0,0,0,1,0,0,1
35,12.64,7,8,3,12,5,0,0,0,1,0,0,0,0
19,41.8,46,7,2,22,2,1,1,0,0,1,0,0,1
18,14.69,58,14,5,17,1,1,1,0,0,1,0,0,0
64,23.72,31,3,8,7,4,0,1,0,0,0,0,0,0
22,22.61,24,12,8,11,4,1,0,0,0,0,1,0,0
37,22.71,59,10,6,4,5,1,1,0,0,0,1,0,0
28,21.57,31,11,8,5,4,0,1,0,0,0,0,0,0
59,23.21,29,4,7,6,5,0,1,0,0,0,0,0,0
19,22.09,42,6,4,11,1,0,1,0,0,0,0,0,0
20,19.04,32,7,8,1,1,1,1,0,0,0,1,0,0
40,34.44,17,4,6,25,1,1,1,0,0,1,0,0,1
29,68.32,14,8,4,10,1,0,0,0,0,0,0,1,0
37,22.61,40,13,7,20,2,0,1,0,1,0,0,0,0
22,37.09,36,9,6,24,2,1,1,0,0,0,0,0,1
54,30.59,58,11,8,21,1,1,1,1,0,0,0,0,1
55,19.58,48,3,9,11,4,0,1,0,0,0,0,0,0
47,30.76,24,3,0,24,5,0,0,0,0,0,1,0,1
26,23.89,45,12,8,17,3,1,0,0,0,0,0,0,0
51,44.42,54,7,6,8,5,0,1,1,0,0,0,0,1
61,12.84,27,0,0,27,3,0,0,0,1,0,0,0,0
52,40.15,25,7,0,13,3,0,1,0,0,1,0,0,1
69,31.38,59,4,4,27,1,0,1,0,0,0,0,0,1
39,20.94,32,12,7,20,3,1,0,1,0,0,0,0,0
61,15.21,52,13,8,18,1,0,0,1,0,0,0,0,0
41,65.22,18,10,5,27,2,1,0,0,1,0,0,1,0
34,15.59,46,0,9,22,4,1,1,0,0,0,1,0,0
27,32.18,18,3,7,16,3,1,0,0,0,0,0,0,1
47,61.09,37,1,5,2,4,1,1,1,0,0,0,1,0
63,31.69,26,3,5,5,1,1,1,0,1,0,0,0,1
40,38.65,9,7,3,18,3,1,0,0,0,1,0,0,1
49,30.61,35,4,4,3,5,0,1,1,0,0,0,0,1
34,62.91,8,0,1,27,2,1,0,0,1,0,0,1,0
67,23.3,20,6,2,22,2,0,0,0,0,0,1,0,0
68,22.57,54,0,2,17,3,0,1,0,0,0,1,0,0
34,23.24,42,8,4,16,2,0,0,1,0,0,0,0,0
31,68.83,22,2,4,6,5,0,0,1,0,0,0,1,0
26,31.57,19,11,5,19,4,1,1,0,0,0,0,0,1
57,11.93,30,2,4,7,5,0,0,0,1,0,0,0,0
19,63.36,53,14,5,18,2,1,0,1,0,0,0,1,0
62,23.41,28,14,7,14,4,0,1,0,0,0,0,0,0
42,24.62,35,5,1,6,5,0,0,0,0,0,0,0,0
56,30.69,43,9,3,8,1,0,0,1,0,0,0,0,1
26,15.34,11,5,5,15,1,1,1,0,0,0,1,0,0
39,58.19,31,12,4,15,4,0,0,0,1,0,0,1,0
60,21.34,49,10,0,15,4,0,1,0,1,0,0,0,0
63,64.6,48,10,8,16,4,0,0,0,0,0,1,1,0
21,31.8,39,5,2,1,1,1,0,1,0,0,0,0,1
43,17.25,36,12,1,11,5,1,1,0,1,0,0,0,0
46,65.28,30,0,8,27,4,1,1,1,0,0,0,1,0
62,41.69,23,4,6,29,1,1,0,1,0,0,0,0,1
51,10.3,19,11,4,25,4,0,1,0,0,0,0,0,0
40,23.36,12,5,5,5,4,0,0,0,0,0,1,0,0
54,63.54,15,7,3,5,4,0,1,1,0,0,0,1,0
28,22.18,31,12,0,29,1,1,0,0,0,1,0,0,0
23,22.12,43,0,3,28,5,0,0,0,0,0,1,0,0
35,12.85,37,4,8,21,1,1,0,0,1,0,0,0,0
38,11.65,37,2,0,6,1,1,1,0,0,0,0,0,0
59,40.82,15,1,9,2,4,1,0,0,1,0,0,0,1
53,12.35,29,10,2,6,3,0,0,0,1,0,0,0,0
58,22.75,50,7,4,14,3,0,1,0,0,0,1,0,0
55,20.89,43,6,6,11,3,1,1,0,1,0,0,0,0
51,22.63,26,9,8,4,1,1,1,1,0,0,0,0,0
34,59.49,44,6,5,24,4,0,0,0,1,0,0,1,0
54,14.75,2,4,2,29,3,1,0,0,0,0,0,0,0
42,65.07,20,11,6,27,2,0,1,0,0,0,0,1,0
55,10.47,15,12,3,25,2,1,0,0,0,1,0,0,0
29,20.9,52,8,2,9,2,1,1,0,0,0,0,0,0
40,67.54,4,4,6,24,5,0,1,0,1,0,0,1,0
59,16.23,22,1,6,3,4,0,0,0,0,0,0,0,0
39,41.47,50,2,3,26,1,0,0,0,0,0,1,0,1
38,57.62,38,3,6,16,1,1,0,0,0,0,0,1,0
44,14.83,23,14,1,11,4,0,1,1,0,0,0,0,0
48,24.61,59,4,0,27,5,0,0,0,0,0,1,0,0
23,44.79,26,12,1,4,4,0,0,0,0,1,0,0,1
44,17.69,51,2,3,1,5,1,1,1,0,0,0,0,0
57,24.01,11,11,7,25,3,0,0,0,1,0,0,0,0
51,17.84,28,13,2,21,3,0,0,0,1,0,0,0,0
29,14.37,56,6,9,22,5,0,0,0,1,0,0,0,0
62,34.0,2,4,5,16,4,0,1,1,0,0,0,0,1
24,23.94,59,4,5,19,3,0,0,1,0,0,0,0,0
27,12.59,8,5,8,16,4,1,0,1,0,0,0,0,0
62,38.69,29,6,8,11,3,0,1,0,0,0,1,0,1
34,18.33,11,9,3,26,4,0,0,0,0,0,1,0,0
43,21.09,37,9,8,8,4,1,0,0,1,0,0,0,0
38,37.49,18,7,5,23,2,0,1,0,0,0,0,0,1
45,14.08,55,8,1,1,5,0,1,0,1,0,0,0,0
63,32.54,50,10,9,26,1,0,0,0,0,1,0,0,1
19,64.31,14,3,5,28,5,0,0,0,0,0,1,1,0
60,20.78,54,4,1,21,4,0,0,1,0,0,0,0,0
18,38.54,10,14,7,26,4,0,1,0,0,0,1,0,1
68,21.08,35,4,3,9,5,1,0,1,0,0,0,0,0
53,12.12,9,7,4,28,4,0,1,0,0,1,0,0,0
68,68.24,35,8,7,27,3,0,1,0,0,1,0,1,0
43,63.74,11,6,7,12,4,1,0,0,0,0,1,1,0
46,11.9,44,14,5,22,5,0,1,1,0,0,0,0,0
38,36.93,12,4,3,8,5,0,1,0,0,1,0,0,1
28,67.67,3,2,0,26,5,0,1,0,1,0,0,1,0
57,68.46,53,0,6,17,2,1,1,0,1,0,0,1,0
28,33.97,39,10,7,10,2,0,1,1,0,0,0,0,1
53,20.67,14,8,8,27,2,1,0,0,0,0,1,0,0
66,11.5,56,4,1,7,2,1,1,0,0,1,0,0,0
56,55.5,28,8,0,19,2,0,0,0,0,0,1,1,0
57,18.41,11,9,3,25,2,0,0,0,1,0,0,0,0
52,40.42,39,14,4,6,2,1,0,0,0,1,0,0,1
51,21.94,25,11,9,21,5,1,1,0,0,0,1,0,0
64,15.1,21,12,0,24,1,0,0,0,0,0,0,0,0
